Block	Timestamp	DateTime	#BancorTxs	NonBancorTxs	#BancorErrorTxs	NonBancorErrorTxs	Bancor%	BlockGasUsed	BlockGasLimit	Used%	Miner
3861203	1497276017	Mon, 12 Jun 2017 14:00:17 UTC	5	112	0	0	4.273504273504273	4661631	4703161	99.11697685875521	0x61c808d82a3ac53231750dadc13c777b59310bd9
3861204	1497276027	Mon, 12 Jun 2017 14:00:27 UTC	0	0	0	0	0	840000	4698593	17.877692321935523	0x2a65aca4d5fc5b5c859090a6c34d164135398226
3861205	1497276042	Mon, 12 Jun 2017 14:00:42 UTC	0	160	0	0	0	3995779	4703144	84.95974182376725	0xea674fdde714fd979de3edf0f56aa9716b898ec8
3861206	1497276054	Mon, 12 Jun 2017 14:00:54 UTC	0	2	0	0	0	4697248	4707732	99.7773025312401	0x4bb96091ee9d802ed039c4d1a5f6216f90f81b01
3861207	1497276070	Mon, 12 Jun 2017 14:01:10 UTC	0	0	0	0	0	0	4703144	0	0x2a65aca4d5fc5b5c859090a6c34d164135398226
3861208	1497276085	Mon, 12 Jun 2017 14:01:25 UTC	0	5	0	0	0	4618270	4698556	98.29126225163645	0xa42af2c70d316684e57aefcc6e393fecb1c7e84e
3861209	1497276103	Mon, 12 Jun 2017 14:01:43 UTC	0	127	0	0	0	3215464	4703107	68.36893143192361	0xea674fdde714fd979de3edf0f56aa9716b898ec8
3861210	1497276112	Mon, 12 Jun 2017 14:01:52 UTC	25	14	0	1	62.5	4660776	4698516	99.19676766025698	0x61c808d82a3ac53231750dadc13c777b59310bd9
3861211	1497276121	Mon, 12 Jun 2017 14:02:01 UTC	0	5	0	0	0	4676744	4693931	99.63384634328881	0x52bc44d5378309ee2abf1539bf71de1b7d7be3b5
3861212	1497276133	Mon, 12 Jun 2017 14:02:13 UTC	22	2	0	0	91.66666666666667	4692053	4698482	99.86316857231762	0x1e9939daaad6924ad004c2560e90804164900341
3861213	1497276203	Mon, 12 Jun 2017 14:03:23 UTC	0	10	0	0	0	4691231	4693895	99.94324542837026	0xc0ea08a2d404d3172d2add29a45be56da40e2949
3861214	1497276205	Mon, 12 Jun 2017 14:03:25 UTC	16	117	0	0	12.030075187969924	4626593	4689313	98.66249064628444	0x61c808d82a3ac53231750dadc13c777b59310bd9
3861215	1497276232	Mon, 12 Jun 2017 14:03:52 UTC	0	15	0	0	0	4671322	4684755	99.71326141922043	0x52bc44d5378309ee2abf1539bf71de1b7d7be3b5
3861216	1497276243	Mon, 12 Jun 2017 14:04:03 UTC	23	14	0	0	62.16216216216216	4666605	4680204	99.70943574254456	0x52bc44d5378309ee2abf1539bf71de1b7d7be3b5
3861217	1497276250	Mon, 12 Jun 2017 14:04:10 UTC	44	11	0	0	80	4600468	4684755	98.20082373571297	0x1e9939daaad6924ad004c2560e90804164900341
3861218	1497276255	Mon, 12 Jun 2017 14:04:15 UTC	48	7	0	0	87.27272727272727	4617186	4689306	98.46203254809987	0xea674fdde714fd979de3edf0f56aa9716b898ec8
3861219	1497276279	Mon, 12 Jun 2017 14:04:39 UTC	0	141	0	0	0	3123390	4693857	66.54207829509932	0xea674fdde714fd979de3edf0f56aa9716b898ec8
3861220	1497276293	Mon, 12 Jun 2017 14:04:53 UTC	3	23	0	0	11.538461538461538	4673765	4693850	99.5720996623241	0x61c808d82a3ac53231750dadc13c777b59310bd9
3861221	1497276297	Mon, 12 Jun 2017 14:04:57 UTC	0	11	0	0	0	273000	4698408	5.810478783451757	0xea674fdde714fd979de3edf0f56aa9716b898ec8
3861222	1497276309	Mon, 12 Jun 2017 14:05:09 UTC	33	2	0	0	94.28571428571429	4638187	4702959	98.62273942851724	0x1e9939daaad6924ad004c2560e90804164900341
3861223	1497276311	Mon, 12 Jun 2017 14:05:11 UTC	40	3	0	0	93.02325581395348	4624799	4707547	98.24222679030076	0xea674fdde714fd979de3edf0f56aa9716b898ec8
3861224	1497276342	Mon, 12 Jun 2017 14:05:42 UTC	25	6	0	0	80.64516129032258	4673699	4712135	99.18431878543377	0x1e9939daaad6924ad004c2560e90804164900341
3861225	1497276350	Mon, 12 Jun 2017 14:05:50 UTC	8	128	0	0	5.882352941176471	4704096	4707535	99.92694690533368	0x61c808d82a3ac53231750dadc13c777b59310bd9
3861226	1497276375	Mon, 12 Jun 2017 14:06:15 UTC	10	15	0	0	40	4695893	4702959	99.84975416540948	0xb2930b35844a230f00e51431acae96fe543a0347
3861227	1497276380	Mon, 12 Jun 2017 14:06:20 UTC	49	4	0	0	92.45283018867924	4680881	4698371	99.62774331784357	0xa42af2c70d316684e57aefcc6e393fecb1c7e84e
3861228	1497276394	Mon, 12 Jun 2017 14:06:34 UTC	21	87	0	0	19.444444444444443	4667057	4693784	99.43058734701043	0x61c808d82a3ac53231750dadc13c777b59310bd9
3861229	1497276408	Mon, 12 Jun 2017 14:06:48 UTC	11	10	0	0	52.38095238095238	4689259	4698334	99.80684642683981	0xb2930b35844a230f00e51431acae96fe543a0347
3861230	1497276411	Mon, 12 Jun 2017 14:06:51 UTC	50	1	0	0	98.03921568627452	4597408	4693783	97.94675211870681	0x52bc44d5378309ee2abf1539bf71de1b7d7be3b5
3861231	1497276416	Mon, 12 Jun 2017 14:06:56 UTC	0	76	0	0	0	1622877	4698334	34.54154174649993	0xea674fdde714fd979de3edf0f56aa9716b898ec8
3861232	1497276423	Mon, 12 Jun 2017 14:07:03 UTC	32	50	0	0	39.02439024390244	4634719	4693747	98.74241197917144	0x61c808d82a3ac53231750dadc13c777b59310bd9
3861233	1497276432	Mon, 12 Jun 2017 14:07:12 UTC	5	2	0	0	71.42857142857143	4558188	4698297	97.01787690305657	0xea674fdde714fd979de3edf0f56aa9716b898ec8
3861234	1497276451	Mon, 12 Jun 2017 14:07:31 UTC	29	11	0	0	72.5	4651620	4702848	98.91070262105005	0x1e9939daaad6924ad004c2560e90804164900341
3861235	1497276464	Mon, 12 Jun 2017 14:07:44 UTC	38	6	0	0	86.36363636363636	4594439	4698260	97.79022446607893	0x52bc44d5378309ee2abf1539bf71de1b7d7be3b5
3861236	1497276481	Mon, 12 Jun 2017 14:08:01 UTC	24	62	0	1	27.586206896551722	4614437	4693673	98.31185512923462	0x61c808d82a3ac53231750dadc13c777b59310bd9
3861237	1497276493	Mon, 12 Jun 2017 14:08:13 UTC	0	0	0	0	0	0	4689121	0	0x2a65aca4d5fc5b5c859090a6c34d164135398226
3861238	1497276524	Mon, 12 Jun 2017 14:08:44 UTC	0	4	0	0	0	4678118	4693672	99.66861766224824	0x1e9939daaad6924ad004c2560e90804164900341
3861239	1497276531	Mon, 12 Jun 2017 14:08:51 UTC	31	11	0	0	73.80952380952381	4626035	4689121	98.65463058001703	0x52bc44d5378309ee2abf1539bf71de1b7d7be3b5
3861240	1497276538	Mon, 12 Jun 2017 14:08:58 UTC	47	3	0	0	94	4541694	4693672	96.76206603273513	0xb2930b35844a230f00e51431acae96fe543a0347
3861241	1497276546	Mon, 12 Jun 2017 14:09:06 UTC	45	8	0	0	84.90566037735849	4672166	4689121	99.63841837308101	0x52bc44d5378309ee2abf1539bf71de1b7d7be3b5
3861242	1497276553	Mon, 12 Jun 2017 14:09:13 UTC	41	6	0	0	87.23404255319149	4656581	4693672	99.20976582939754	0xea674fdde714fd979de3edf0f56aa9716b898ec8
3861243	1497276578	Mon, 12 Jun 2017 14:09:38 UTC	5	157	0	1	3.067484662576687	4618740	4689090	98.49970889874155	0x61c808d82a3ac53231750dadc13c777b59310bd9
3861244	1497276593	Mon, 12 Jun 2017 14:09:53 UTC	41	7	0	0	85.41666666666667	4588070	4684533	97.94081928764297	0xa42af2c70d316684e57aefcc6e393fecb1c7e84e
3861245	1497276605	Mon, 12 Jun 2017 14:10:05 UTC	29	73	0	0	28.431372549019606	4562653	4679960	97.49341874716877	0x61c808d82a3ac53231750dadc13c777b59310bd9
3861246	1497276621	Mon, 12 Jun 2017 14:10:21 UTC	38	24	0	1	60.317460317460316	4529083	4675391	96.87067883734215	0x61c808d82a3ac53231750dadc13c777b59310bd9
3861247	1497276640	Mon, 12 Jun 2017 14:10:40 UTC	0	37	0	0	0	4679078	4679955	99.98126050357322	0xa4aaf1d8dca32196f26c157a690a85c71b387f0d
3861248	1497276647	Mon, 12 Jun 2017 14:10:47 UTC	24	17	0	0	58.53658536585366	4670282	4684496	99.69657354814692	0x1e9939daaad6924ad004c2560e90804164900341
3861249	1497276650	Mon, 12 Jun 2017 14:10:50 UTC	38	8	0	0	82.6086956521739	4626390	4689047	98.66375832871796	0x96338149e9f6c262d4cb7aeec1cf4c652079a11c
3861250	1497276665	Mon, 12 Jun 2017 14:11:05 UTC	1	32	0	0	3.0303030303030303	4675947	4691245	99.67390319627306	0x61c808d82a3ac53231750dadc13c777b59310bd9
3861251	1497276701	Mon, 12 Jun 2017 14:11:41 UTC	29	11	0	0	72.5	4693613	4695818	99.95304332493295	0x1e9939daaad6924ad004c2560e90804164900341
3861252	1497276720	Mon, 12 Jun 2017 14:12:00 UTC	22	30	0	0	42.30769230769231	4653544	4700369	99.00380161642629	0x1e9939daaad6924ad004c2560e90804164900341
3861253	1497276757	Mon, 12 Jun 2017 14:12:37 UTC	0	205	0	2	0	4682425	4704957	99.52110083046455	0xea674fdde714fd979de3edf0f56aa9716b898ec8
3861254	1497276769	Mon, 12 Jun 2017 14:12:49 UTC	0	44	0	0	0	982024	4709545	20.851780798357378	0xea674fdde714fd979de3edf0f56aa9716b898ec8
3861255	1497276792	Mon, 12 Jun 2017 14:13:12 UTC	0	27	0	0	0	567004	4712394	12.032185763754049	0xea674fdde714fd979de3edf0f56aa9716b898ec8
3861256	1497276828	Mon, 12 Jun 2017 14:13:48 UTC	0	21	0	0	0	4650938	4707806	98.79204878025985	0xf3b9d2c81f2b24b0fa0acaaa865b7d9ced5fc2fb
3861257	1497276832	Mon, 12 Jun 2017 14:13:52 UTC	0	174	0	0	0	3872004	4712394	82.16638931294794	0xea674fdde714fd979de3edf0f56aa9716b898ec8
3861258	1497276855	Mon, 12 Jun 2017 14:14:15 UTC	0	14	0	0	0	295427	4712394	6.269148971838942	0xea674fdde714fd979de3edf0f56aa9716b898ec8
3861259	1497276859	Mon, 12 Jun 2017 14:14:19 UTC	21	8	0	0	72.41379310344827	4631269	4707806	98.37425331460132	0x52bc44d5378309ee2abf1539bf71de1b7d7be3b5
3861260	1497276886	Mon, 12 Jun 2017 14:14:46 UTC	39	3	0	0	92.85714285714286	4642083	4703210	98.70031319035297	0xc0ea08a2d404d3172d2add29a45be56da40e2949
3861261	1497276897	Mon, 12 Jun 2017 14:14:57 UTC	0	0	0	0	0	4690749	4705418	99.68825298836363	0x61c808d82a3ac53231750dadc13c777b59310bd9
3861262	1497276917	Mon, 12 Jun 2017 14:15:17 UTC	22	32	0	0	40.74074074074074	4694672	4710012	99.67431080854996	0xe8baa417ae28c39f723ddf9fc4e4f3b28f5d9f6b
3861263	1497276933	Mon, 12 Jun 2017 14:15:33 UTC	8	131	0	0	5.755395683453237	4705322	4705414	99.99804480540926	0x61c808d82a3ac53231750dadc13c777b59310bd9
3861264	1497276952	Mon, 12 Jun 2017 14:15:52 UTC	20	68	0	1	22.471910112359552	4619769	4700820	98.27581145417183	0x61c808d82a3ac53231750dadc13c777b59310bd9
3861265	1497276957	Mon, 12 Jun 2017 14:15:57 UTC	43	9	0	0	82.6923076923077	4685516	4705401	99.57740052335603	0xea674fdde714fd979de3edf0f56aa9716b898ec8
3861266	1497276975	Mon, 12 Jun 2017 14:16:15 UTC	44	25	0	0	63.768115942028984	4667985	4700813	99.30165271411562	0x52bc44d5378309ee2abf1539bf71de1b7d7be3b5
3861267	1497276999	Mon, 12 Jun 2017 14:16:39 UTC	26	8	0	0	76.47058823529412	4653566	4696225	99.09163210876821	0x52bc44d5378309ee2abf1539bf71de1b7d7be3b5
3861268	1497277064	Mon, 12 Jun 2017 14:17:44 UTC	31	19	0	0	62	4688645	4700776	99.74193622499774	0xea674fdde714fd979de3edf0f56aa9716b898ec8
3861269	1497277077	Mon, 12 Jun 2017 14:17:57 UTC	31	19	0	0	62	4645578	4705364	98.729407544241	0x4bb96091ee9d802ed039c4d1a5f6216f90f81b01
3861270	1497277087	Mon, 12 Jun 2017 14:18:07 UTC	14	130	0	0	9.722222222222221	4540403	4700770	96.58849507633856	0x61c808d82a3ac53231750dadc13c777b59310bd9
3861271	1497277094	Mon, 12 Jun 2017 14:18:14 UTC	0	0	0	0	0	4690000	4705327	99.67426280893974	0x1e9939daaad6924ad004c2560e90804164900341
3861272	1497277108	Mon, 12 Jun 2017 14:18:28 UTC	36	37	0	1	48.648648648648646	4617904	4700733	98.23795565500104	0x61c808d82a3ac53231750dadc13c777b59310bd9
3861273	1497277123	Mon, 12 Jun 2017 14:18:43 UTC	36	37	0	0	49.31506849315068	4532748	4696144	96.52063480165855	0x61c808d82a3ac53231750dadc13c777b59310bd9
3861274	1497277186	Mon, 12 Jun 2017 14:19:46 UTC	4	120	0	3	3.1496062992125986	4681021	4691559	99.77538383296469	0x61c808d82a3ac53231750dadc13c777b59310bd9
3861275	1497277208	Mon, 12 Jun 2017 14:20:08 UTC	3	66	0	0	4.3478260869565215	4679516	4687012	99.84006868341707	0x52bc44d5378309ee2abf1539bf71de1b7d7be3b5
3861276	1497277221	Mon, 12 Jun 2017 14:20:21 UTC	46	12	0	0	79.3103448275862	4679973	4682461	99.94686554783905	0x52bc44d5378309ee2abf1539bf71de1b7d7be3b5
3861277	1497277234	Mon, 12 Jun 2017 14:20:34 UTC	5	156	0	0	3.1055900621118013	4519299	4677890	96.60977491988909	0x61c808d82a3ac53231750dadc13c777b59310bd9
3861278	1497277239	Mon, 12 Jun 2017 14:20:39 UTC	41	14	0	0	74.54545454545455	4556145	4673323	97.4926192775462	0x61c808d82a3ac53231750dadc13c777b59310bd9
3861279	1497277243	Mon, 12 Jun 2017 14:20:43 UTC	0	163	0	1	0	3547275	4677873	75.83093854835306	0xea674fdde714fd979de3edf0f56aa9716b898ec8
3861280	1497277267	Mon, 12 Jun 2017 14:21:07 UTC	33	7	0	0	82.5	4560727	4682424	97.4009829097066	0xea674fdde714fd979de3edf0f56aa9716b898ec8
3861281	1497277291	Mon, 12 Jun 2017 14:21:31 UTC	31	18	0	0	63.265306122448976	4679268	4686975	99.83556558334533	0x1e9939daaad6924ad004c2560e90804164900341
3861282	1497277295	Mon, 12 Jun 2017 14:21:35 UTC	0	0	0	0	0	381498	4682424	8.147446707090173	0x2a65aca4d5fc5b5c859090a6c34d164135398226
3861283	1497277344	Mon, 12 Jun 2017 14:22:24 UTC	0	128	0	3	0	3124565	4686975	66.66485313021725	0xea674fdde714fd979de3edf0f56aa9716b898ec8
3861284	1497277365	Mon, 12 Jun 2017 14:22:45 UTC	4	12	0	1	23.529411764705884	4581696	4691526	97.65897066327672	0x1e9939daaad6924ad004c2560e90804164900341
3861285	1497277375	Mon, 12 Jun 2017 14:22:55 UTC	11	139	0	2	7.2368421052631575	4538225	4686946	96.8269103164406	0x61c808d82a3ac53231750dadc13c777b59310bd9
3861286	1497277386	Mon, 12 Jun 2017 14:23:06 UTC	0	61	0	1	0	1344000	4691489	28.64762125627919	0xea674fdde714fd979de3edf0f56aa9716b898ec8
3861287	1497277394	Mon, 12 Jun 2017 14:23:14 UTC	36	12	0	1	73.46938775510205	4586115	4686909	97.84945685952084	0xc0ea08a2d404d3172d2add29a45be56da40e2949
3861288	1497277409	Mon, 12 Jun 2017 14:23:29 UTC	29	67	0	0	30.208333333333332	4597222	4682333	98.1822950225881	0x61c808d82a3ac53231750dadc13c777b59310bd9
3861289	1497277415	Mon, 12 Jun 2017 14:23:35 UTC	45	17	0	0	72.58064516129032	4579400	4677762	97.89724231373891	0x61c808d82a3ac53231750dadc13c777b59310bd9
3861290	1497277448	Mon, 12 Jun 2017 14:24:08 UTC	0	3	0	0	0	2235258	4682313	47.73832932569864	0x73b8865eda227d6fffabc83c78124dea8c347fea
3861291	1497277451	Mon, 12 Jun 2017 14:24:11 UTC	37	46	0	0	44.57831325301205	4666022	4686864	99.5553103311724	0xb2930b35844a230f00e51431acae96fe543a0347
3861292	1497277454	Mon, 12 Jun 2017 14:24:14 UTC	40	24	0	0	62.5	4664813	4682313	99.62625309328958	0x2a65aca4d5fc5b5c859090a6c34d164135398226
3861293	1497277480	Mon, 12 Jun 2017 14:24:40 UTC	17	122	0	2	12.056737588652481	4520506	4677742	96.6386346232862	0x61c808d82a3ac53231750dadc13c777b59310bd9
3861294	1497277502	Mon, 12 Jun 2017 14:25:02 UTC	27	69	0	0	28.125	4582045	4673175	98.04993393142777	0x61c808d82a3ac53231750dadc13c777b59310bd9
3861295	1497277505	Mon, 12 Jun 2017 14:25:05 UTC	35	26	0	0	57.377049180327866	4655952	4668623	99.72859234939295	0x52bc44d5378309ee2abf1539bf71de1b7d7be3b5
3861296	1497277524	Mon, 12 Jun 2017 14:25:24 UTC	41	23	0	0	64.0625	4657143	4664072	99.8514388285601	0x52bc44d5378309ee2abf1539bf71de1b7d7be3b5
3861297	1497277534	Mon, 12 Jun 2017 14:25:34 UTC	0	1	0	0	0	719791	4668623	15.417629566576696	0x73b8865eda227d6fffabc83c78124dea8c347fea
3861298	1497277542	Mon, 12 Jun 2017 14:25:42 UTC	16	130	0	1	10.884353741496598	4584717	4664065	98.29873726030834	0x61c808d82a3ac53231750dadc13c777b59310bd9
3861299	1497277557	Mon, 12 Jun 2017 14:25:57 UTC	42	10	0	0	80.76923076923077	4648270	4668586	99.56483611954455	0xb2930b35844a230f00e51431acae96fe543a0347
3861300	1497277567	Mon, 12 Jun 2017 14:26:07 UTC	47	15	0	0	75.80645161290323	4672395	4673137	99.98412201482644	0xea674fdde714fd979de3edf0f56aa9716b898ec8
3861301	1497277603	Mon, 12 Jun 2017 14:26:43 UTC	25	9	0	0	73.52941176470588	4569621	4668575	97.88042389808453	0xc0ea08a2d404d3172d2add29a45be56da40e2949
3861302	1497277629	Mon, 12 Jun 2017 14:27:09 UTC	0	142	0	1	0	3231368	4673100	69.14827416490124	0xea674fdde714fd979de3edf0f56aa9716b898ec8
3861303	1497277657	Mon, 12 Jun 2017 14:27:37 UTC	21	18	0	0	53.84615384615385	4602550	4677651	98.39447192618688	0xb2930b35844a230f00e51431acae96fe543a0347
3861304	1497277678	Mon, 12 Jun 2017 14:27:58 UTC	0	0	0	0	0	200000	4682202	4.271494480588407	0x73b8865eda227d6fffabc83c78124dea8c347fea
3861305	1497277699	Mon, 12 Jun 2017 14:28:19 UTC	31	14	0	0	68.88888888888889	4598026	4686753	98.10685564184841	0xb2930b35844a230f00e51431acae96fe543a0347
3861306	1497277723	Mon, 12 Jun 2017 14:28:43 UTC	3	162	0	2	1.7964071856287425	4654752	4682178	99.41424695942786	0x61c808d82a3ac53231750dadc13c777b59310bd9
3861307	1497277734	Mon, 12 Jun 2017 14:28:54 UTC	36	25	0	1	58.064516129032256	4551432	4677607	97.30257373054214	0x61c808d82a3ac53231750dadc13c777b59310bd9
3861308	1497277738	Mon, 12 Jun 2017 14:28:58 UTC	32	4	0	0	88.88888888888889	4636624	4673041	99.22070018217259	0xc0ea08a2d404d3172d2add29a45be56da40e2949
3861309	1497277752	Mon, 12 Jun 2017 14:29:12 UTC	33	63	0	0	34.375	4572693	4668479	97.9482396729213	0x61c808d82a3ac53231750dadc13c777b59310bd9
3861310	1497277764	Mon, 12 Jun 2017 14:29:24 UTC	38	9	0	0	80.85106382978724	4643169	4663921	99.55505249767309	0xc0ea08a2d404d3172d2add29a45be56da40e2949
3861311	1497277817	Mon, 12 Jun 2017 14:30:17 UTC	0	218	0	0	0	4621423	4668438	98.99291797384907	0xea674fdde714fd979de3edf0f56aa9716b898ec8
3861312	1497277833	Mon, 12 Jun 2017 14:30:33 UTC	6	17	0	0	26.08695652173913	4589621	4663887	98.40763723477863	0x2a65aca4d5fc5b5c859090a6c34d164135398226
3861313	1497277841	Mon, 12 Jun 2017 14:30:41 UTC	40	36	0	0	52.63157894736842	4644483	4659336	99.6812206717867	0x52bc44d5378309ee2abf1539bf71de1b7d7be3b5
3861314	1497277845	Mon, 12 Jun 2017 14:30:45 UTC	0	0	0	0	0	0	4654822	0	0x2a65aca4d5fc5b5c859090a6c34d164135398226
3861315	1497277859	Mon, 12 Jun 2017 14:30:59 UTC	36	10	0	0	78.26086956521739	4534980	4659336	97.3310360102813	0xea674fdde714fd979de3edf0f56aa9716b898ec8
3861316	1497277888	Mon, 12 Jun 2017 14:31:28 UTC	29	38	0	0	43.28358208955224	4609690	4654822	99.03042479390189	0x52bc44d5378309ee2abf1539bf71de1b7d7be3b5
3861317	1497277891	Mon, 12 Jun 2017 14:31:31 UTC	0	91	0	0	0	2261133	4659336	48.52908225549735	0xea674fdde714fd979de3edf0f56aa9716b898ec8
3861318	1497277907	Mon, 12 Jun 2017 14:31:47 UTC	20	85	0	2	18.69158878504673	4518282	4654787	97.06742757509635	0x61c808d82a3ac53231750dadc13c777b59310bd9
3861319	1497277916	Mon, 12 Jun 2017 14:31:56 UTC	35	8	0	0	81.3953488372093	4569281	4650243	98.25897270314691	0xc0ea08a2d404d3172d2add29a45be56da40e2949
3861320	1497277921	Mon, 12 Jun 2017 14:32:01 UTC	33	48	0	0	40.74074074074074	4540608	4645703	97.73780200757561	0x61c808d82a3ac53231750dadc13c777b59310bd9
3861321	1497277928	Mon, 12 Jun 2017 14:32:08 UTC	48	8	0	0	85.71428571428571	4534862	4641168	97.70949898818573	0x61c808d82a3ac53231750dadc13c777b59310bd9
3861322	1497277933	Mon, 12 Jun 2017 14:32:13 UTC	41	11	0	0	78.84615384615384	4531260	4636637	97.72729674546444	0x61c808d82a3ac53231750dadc13c777b59310bd9
3861323	1497277942	Mon, 12 Jun 2017 14:32:22 UTC	0	0	0	0	0	0	4632141	0	0x2a65aca4d5fc5b5c859090a6c34d164135398226
3861324	1497277956	Mon, 12 Jun 2017 14:32:36 UTC	0	0	0	0	0	0	4636655	0	0xb2930b35844a230f00e51431acae96fe543a0347
3861325	1497277994	Mon, 12 Jun 2017 14:33:14 UTC	17	24	0	0	41.46341463414634	4555718	4641169	98.15884748002065	0x1e9939daaad6924ad004c2560e90804164900341
3861326	1497277998	Mon, 12 Jun 2017 14:33:18 UTC	30	61	0	2	32.25806451612903	4498732	4636638	97.02573286937647	0x61c808d82a3ac53231750dadc13c777b59310bd9
3861327	1497278017	Mon, 12 Jun 2017 14:33:37 UTC	0	68	0	0	0	1498191	4641132	32.28072375446335	0xea674fdde714fd979de3edf0f56aa9716b898ec8
3861328	1497278058	Mon, 12 Jun 2017 14:34:18 UTC	0	0	0	0	0	358699	4645646	7.721186676729135	0xb2930b35844a230f00e51431acae96fe543a0347
3861329	1497278064	Mon, 12 Jun 2017 14:34:24 UTC	0	39	0	1	0	889809	4650160	19.135019010098578	0xea674fdde714fd979de3edf0f56aa9716b898ec8
3861330	1497278077	Mon, 12 Jun 2017 14:34:37 UTC	0	14	0	0	0	365000	4654674	7.841580312606211	0xea674fdde714fd979de3edf0f56aa9716b898ec8
3861331	1497278094	Mon, 12 Jun 2017 14:34:54 UTC	10	53	0	4	14.925373134328359	4644774	4650130	99.88482042437523	0x61c808d82a3ac53231750dadc13c777b59310bd9
3861332	1497278120	Mon, 12 Jun 2017 14:35:20 UTC	20	11	0	0	64.51612903225806	4630750	4645609	99.68014957780562	0x52bc44d5378309ee2abf1539bf71de1b7d7be3b5
3861333	1497278125	Mon, 12 Jun 2017 14:35:25 UTC	42	30	0	0	58.333333333333336	4563942	4641074	98.33805709626694	0x61c808d82a3ac53231750dadc13c777b59310bd9
3861334	1497278147	Mon, 12 Jun 2017 14:35:47 UTC	31	12	0	0	72.09302325581395	4619159	4636543	99.62506548521172	0xc0ea08a2d404d3172d2add29a45be56da40e2949
3861335	1497278153	Mon, 12 Jun 2017 14:35:53 UTC	42	31	0	1	56.75675675675676	4523206	4632017	97.6508937683087	0x61c808d82a3ac53231750dadc13c777b59310bd9
3861336	1497278156	Mon, 12 Jun 2017 14:35:56 UTC	48	4	0	0	92.3076923076923	4493416	4627495	97.10255764728001	0x61c808d82a3ac53231750dadc13c777b59310bd9
3861337	1497278166	Mon, 12 Jun 2017 14:36:06 UTC	35	14	0	1	70	4586865	4623002	99.21832177446603	0x52bc44d5378309ee2abf1539bf71de1b7d7be3b5
3861338	1497278170	Mon, 12 Jun 2017 14:36:10 UTC	5	1	0	0	83.33333333333333	535959	4627479	11.582094699943532	0x73b8865eda227d6fffabc83c78124dea8c347fea
3861339	1497278185	Mon, 12 Jun 2017 14:36:25 UTC	0	56	0	2	0	1272482	4631993	27.471587284350388	0xea674fdde714fd979de3edf0f56aa9716b898ec8
3861340	1497278189	Mon, 12 Jun 2017 14:36:29 UTC	41	6	0	1	85.41666666666667	4473271	4627479	96.66755916126253	0xa42af2c70d316684e57aefcc6e393fecb1c7e84e
3861341	1497278195	Mon, 12 Jun 2017 14:36:35 UTC	0	10	0	0	0	241966	4631993	5.223798913340326	0xea674fdde714fd979de3edf0f56aa9716b898ec8
3861342	1497278196	Mon, 12 Jun 2017 14:36:36 UTC	45	14	0	0	76.27118644067797	4555882	4627471	98.4529562692019	0x61c808d82a3ac53231750dadc13c777b59310bd9
3861343	1497278202	Mon, 12 Jun 2017 14:36:42 UTC	36	10	0	1	76.59574468085107	4608308	4631956	99.48945974443626	0xb2930b35844a230f00e51431acae96fe543a0347
3861344	1497278222	Mon, 12 Jun 2017 14:37:02 UTC	44	7	0	0	86.27450980392157	4606045	4627442	99.53760630603257	0x52bc44d5378309ee2abf1539bf71de1b7d7be3b5
3861345	1497278226	Mon, 12 Jun 2017 14:37:06 UTC	0	34	0	1	0	940869	4631956	20.31256341813264	0xea674fdde714fd979de3edf0f56aa9716b898ec8
3861346	1497278247	Mon, 12 Jun 2017 14:37:27 UTC	33	14	0	1	68.75	4550663	4627442	98.34078957661706	0xa42af2c70d316684e57aefcc6e393fecb1c7e84e
3861347	1497278250	Mon, 12 Jun 2017 14:37:30 UTC	33	41	0	1	44	4466526	4622925	96.61688216875679	0x61c808d82a3ac53231750dadc13c777b59310bd9
3861348	1497278282	Mon, 12 Jun 2017 14:38:02 UTC	28	16	0	0	63.63636363636363	4604723	4618412	99.70359941902109	0xc0ea08a2d404d3172d2add29a45be56da40e2949
3861349	1497278292	Mon, 12 Jun 2017 14:38:12 UTC	0	0	0	0	0	300000	4622891	6.4894456737137	0x73b8865eda227d6fffabc83c78124dea8c347fea
3861350	1497278300	Mon, 12 Jun 2017 14:38:20 UTC	0	67	0	1	0	1573311	4627368	34.00012707007526	0xea674fdde714fd979de3edf0f56aa9716b898ec8
3861351	1497278328	Mon, 12 Jun 2017 14:38:48 UTC	1	29	0	2	3.125	4619582	4631882	99.7344491936539	0xea674fdde714fd979de3edf0f56aa9716b898ec8
3861352	1497278336	Mon, 12 Jun 2017 14:38:56 UTC	0	30	0	0	0	4629041	4636404	99.84119157864586	0xa4aaf1d8dca32196f26c157a690a85c71b387f0d
3861353	1497278346	Mon, 12 Jun 2017 14:39:06 UTC	35	59	0	0	37.234042553191486	4566354	4631878	98.58536861290388	0x61c808d82a3ac53231750dadc13c777b59310bd9
3861354	1497278350	Mon, 12 Jun 2017 14:39:10 UTC	5	130	0	0	3.7037037037037037	4619142	4627368	99.82223155798286	0x2a65aca4d5fc5b5c859090a6c34d164135398226
3861355	1497278371	Mon, 12 Jun 2017 14:39:31 UTC	40	9	0	0	81.63265306122449	4615085	4622851	99.83200842943023	0xc0ea08a2d404d3172d2add29a45be56da40e2949
3861356	1497278376	Mon, 12 Jun 2017 14:39:36 UTC	0	33	0	0	0	728430	4627331	15.741903918263032	0xea674fdde714fd979de3edf0f56aa9716b898ec8
3861357	1497278396	Mon, 12 Jun 2017 14:39:56 UTC	21	14	0	0	60	4604124	4631845	99.40151278810063	0x215c86bc952b0d98c4b2313a0a9ae56fa33c7f5d
3861358	1497278424	Mon, 12 Jun 2017 14:40:24 UTC	8	150	0	0	5.063291139240507	4612545	4627323	99.68063608267674	0x61c808d82a3ac53231750dadc13c777b59310bd9
3861359	1497278472	Mon, 12 Jun 2017 14:41:12 UTC	18	82	0	0	18	4537392	4622806	98.15233431816087	0x61c808d82a3ac53231750dadc13c777b59310bd9
3861360	1497278491	Mon, 12 Jun 2017 14:41:31 UTC	0	4	0	0	0	4617357	4618303	99.9795162855274	0x52bc44d5378309ee2abf1539bf71de1b7d7be3b5
3861361	1497278519	Mon, 12 Jun 2017 14:41:59 UTC	13	20	0	0	39.39393939393939	4610898	4622780	99.74296851677995	0xea674fdde714fd979de3edf0f56aa9716b898ec8
3861362	1497278543	Mon, 12 Jun 2017 14:42:23 UTC	20	85	0	0	19.047619047619047	4541615	4618267	98.34024321244311	0x61c808d82a3ac53231750dadc13c777b59310bd9
3861363	1497278554	Mon, 12 Jun 2017 14:42:34 UTC	34	9	0	0	79.06976744186046	4584792	4622743	99.17903720799534	0xa9a926bed50dc038b20bb20de361e4c35aae51fc
3861364	1497278562	Mon, 12 Jun 2017 14:42:42 UTC	45	6	0	0	88.23529411764706	4627178	4627220	99.99909232757466	0x1e9939daaad6924ad004c2560e90804164900341
3861365	1497278568	Mon, 12 Jun 2017 14:42:48 UTC	46	8	0	0	85.18518518518519	4599882	4631734	99.3123093856426	0xea674fdde714fd979de3edf0f56aa9716b898ec8
3861366	1497278600	Mon, 12 Jun 2017 14:43:20 UTC	29	8	0	0	78.37837837837837	4633209	4636248	99.93445130631494	0xea674fdde714fd979de3edf0f56aa9716b898ec8
3861367	1497278630	Mon, 12 Jun 2017 14:43:50 UTC	13	102	0	1	11.206896551724139	4602923	4631722	99.37822261353337	0x61c808d82a3ac53231750dadc13c777b59310bd9
3861368	1497278677	Mon, 12 Jun 2017 14:44:37 UTC	36	34	0	0	51.42857142857143	4620123	4627200	99.84705653526972	0x61c808d82a3ac53231750dadc13c777b59310bd9
3861369	1497278680	Mon, 12 Jun 2017 14:44:40 UTC	35	3	0	0	92.10526315789474	4542744	4622706	98.27023392792015	0xa42af2c70d316684e57aefcc6e393fecb1c7e84e
3861370	1497278686	Mon, 12 Jun 2017 14:44:46 UTC	0	0	0	0	0	0	4618229	0	0x2a65aca4d5fc5b5c859090a6c34d164135398226
3861371	1497278707	Mon, 12 Jun 2017 14:45:07 UTC	30	57	0	0	34.48275862068966	4566023	4613721	98.96617068955838	0x61c808d82a3ac53231750dadc13c777b59310bd9
3861372	1497278713	Mon, 12 Jun 2017 14:45:13 UTC	26	10	0	0	72.22222222222223	4615145	4618192	99.93402179900706	0xea674fdde714fd979de3edf0f56aa9716b898ec8
3861373	1497278719	Mon, 12 Jun 2017 14:45:19 UTC	48	14	0	0	77.41935483870968	4561138	4613684	98.86108368063353	0x61c808d82a3ac53231750dadc13c777b59310bd9
3861374	1497278757	Mon, 12 Jun 2017 14:45:57 UTC	32	13	0	0	71.11111111111111	4609768	4618155	99.81839067766239	0xea674fdde714fd979de3edf0f56aa9716b898ec8
3861375	1497278786	Mon, 12 Jun 2017 14:46:26 UTC	0	151	0	1	0	3530718	4622632	76.37895467344146	0xea674fdde714fd979de3edf0f56aa9716b898ec8
3861376	1497278798	Mon, 12 Jun 2017 14:46:38 UTC	37	21	0	1	62.71186440677966	4571682	4618119	98.99446073173948	0x61c808d82a3ac53231750dadc13c777b59310bd9
3861377	1497278844	Mon, 12 Jun 2017 14:47:24 UTC	34	32	0	0	51.515151515151516	4604515	4613611	99.80284423632595	0x61c808d82a3ac53231750dadc13c777b59310bd9
3861378	1497278845	Mon, 12 Jun 2017 14:47:25 UTC	51	2	0	0	96.22641509433963	4597317	4609107	99.74420207645429	0x61c808d82a3ac53231750dadc13c777b59310bd9
3861379	1497278850	Mon, 12 Jun 2017 14:47:30 UTC	12	8	0	0	60	4603688	4613604	99.78507041349886	0x1e9939daaad6924ad004c2560e90804164900341
3861380	1497278853	Mon, 12 Jun 2017 14:47:33 UTC	44	6	0	0	88	4597777	4609100	99.75433381788201	0xc0ea08a2d404d3172d2add29a45be56da40e2949
3861381	1497278860	Mon, 12 Jun 2017 14:47:40 UTC	45	12	0	1	77.58620689655173	4540048	4604600	98.5980975546193	0x61c808d82a3ac53231750dadc13c777b59310bd9
3861382	1497278877	Mon, 12 Jun 2017 14:47:57 UTC	26	12	0	1	66.66666666666667	4605407	4609090	99.92009268640881	0x1e9939daaad6924ad004c2560e90804164900341
3861383	1497278890	Mon, 12 Jun 2017 14:48:10 UTC	38	8	0	0	82.6086956521739	4572562	4604613	99.30393716040848	0x52bc44d5378309ee2abf1539bf71de1b7d7be3b5
3861384	1497278900	Mon, 12 Jun 2017 14:48:20 UTC	42	31	0	2	56	4578392	4600118	99.5277077674964	0x61c808d82a3ac53231750dadc13c777b59310bd9
3861385	1497278924	Mon, 12 Jun 2017 14:48:44 UTC	0	134	0	0	0	2964543	4604576	64.38254032510268	0xea674fdde714fd979de3edf0f56aa9716b898ec8
3861386	1497278939	Mon, 12 Jun 2017 14:48:59 UTC	37	19	0	0	66.07142857142857	4537101	4600081	98.63089367339401	0x61c808d82a3ac53231750dadc13c777b59310bd9
3861387	1497278972	Mon, 12 Jun 2017 14:49:32 UTC	14	32	0	0	30.434782608695652	4594104	4604539	99.7733757928861	0xea674fdde714fd979de3edf0f56aa9716b898ec8
3861388	1497278975	Mon, 12 Jun 2017 14:49:35 UTC	49	3	0	0	94.23076923076923	4545157	4609016	98.61447649563378	0xb2930b35844a230f00e51431acae96fe543a0347
3861389	1497278980	Mon, 12 Jun 2017 14:49:40 UTC	0	29	0	0	0	4596910	4611174	99.6906644598534	0x61c808d82a3ac53231750dadc13c777b59310bd9
3861390	1497279030	Mon, 12 Jun 2017 14:50:30 UTC	13	40	0	0	24.528301886792452	4598308	4615676	99.62371708932776	0xea674fdde714fd979de3edf0f56aa9716b898ec8
3861391	1497279065	Mon, 12 Jun 2017 14:51:05 UTC	0	0	0	0	0	0	4611199	0	0x2a65aca4d5fc5b5c859090a6c34d164135398226
3861392	1497279074	Mon, 12 Jun 2017 14:51:14 UTC	24	32	0	1	42.10526315789474	4569016	4615676	98.98909715499961	0x1e9939daaad6924ad004c2560e90804164900341
3861393	1497279079	Mon, 12 Jun 2017 14:51:19 UTC	34	8	0	1	79.06976744186046	4599199	4611199	99.73976399630551	0x52bc44d5378309ee2abf1539bf71de1b7d7be3b5
3861394	1497279085	Mon, 12 Jun 2017 14:51:25 UTC	42	13	0	0	76.36363636363636	4598478	4615676	99.62740019013467	0xea674fdde714fd979de3edf0f56aa9716b898ec8
3861395	1497279090	Mon, 12 Jun 2017 14:51:30 UTC	0	145	0	1	0	3364174	4620153	72.81520763489867	0xea674fdde714fd979de3edf0f56aa9716b898ec8
3861396	1497279104	Mon, 12 Jun 2017 14:51:44 UTC	50	6	0	0	89.28571428571429	4597612	4615676	99.60863804131833	0xa42af2c70d316684e57aefcc6e393fecb1c7e84e
3861397	1497279105	Mon, 12 Jun 2017 14:51:45 UTC	0	10	0	0	0	275951	4620153	5.972767568519917	0xea674fdde714fd979de3edf0f56aa9716b898ec8
3861398	1497279116	Mon, 12 Jun 2017 14:51:56 UTC	28	12	0	0	70	4574980	4624630	98.92640059853437	0x1e9939daaad6924ad004c2560e90804164900341
3861399	1497279127	Mon, 12 Jun 2017 14:52:07 UTC	46	7	0	0	86.79245283018868	4613555	4629144	99.66324227546173	0xb2930b35844a230f00e51431acae96fe543a0347
3861400	1497279130	Mon, 12 Jun 2017 14:52:10 UTC	0	0	0	0	0	0	4624630	0	0x2a65aca4d5fc5b5c859090a6c34d164135398226
3861401	1497279162	Mon, 12 Jun 2017 14:52:42 UTC	32	16	0	0	66.66666666666667	4616752	4629144	99.7323047198359	0xb2930b35844a230f00e51431acae96fe543a0347
3861402	1497279183	Mon, 12 Jun 2017 14:53:03 UTC	32	12	0	0	72.72727272727273	4630030	4633658	99.9217033281265	0xea674fdde714fd979de3edf0f56aa9716b898ec8
3861403	1497279230	Mon, 12 Jun 2017 14:53:50 UTC	0	100	0	0	0	2356269	4638172	50.80167359037138	0xea674fdde714fd979de3edf0f56aa9716b898ec8
3861404	1497279266	Mon, 12 Jun 2017 14:54:26 UTC	11	19	0	2	34.375	4631357	4642686	99.75598177434355	0x1e9939daaad6924ad004c2560e90804164900341
3861405	1497279274	Mon, 12 Jun 2017 14:54:34 UTC	0	17	0	0	0	4644910	4647218	99.95033587836852	0xe8baa417ae28c39f723ddf9fc4e4f3b28f5d9f6b
3861406	1497279305	Mon, 12 Jun 2017 14:55:05 UTC	0	69	0	0	0	1650352	4651751	35.47808126445289	0xea674fdde714fd979de3edf0f56aa9716b898ec8
3861407	1497279318	Mon, 12 Jun 2017 14:55:18 UTC	19	18	0	0	51.351351351351354	4613812	4656265	99.08826065526769	0x1e9939daaad6924ad004c2560e90804164900341
3861408	1497279362	Mon, 12 Jun 2017 14:56:02 UTC	0	1	0	0	0	618241	4660779	13.264756814257874	0x73b8865eda227d6fffabc83c78124dea8c347fea
3861409	1497279391	Mon, 12 Jun 2017 14:56:31 UTC	0	0	0	0	0	200000	4656265	4.295288176252855	0x2a65aca4d5fc5b5c859090a6c34d164135398226
3861410	1497279400	Mon, 12 Jun 2017 14:56:40 UTC	0	86	0	1	0	2003077	4660779	42.97730057571921	0xea674fdde714fd979de3edf0f56aa9716b898ec8
3861411	1497279430	Mon, 12 Jun 2017 14:57:10 UTC	16	58	0	0	21.62162162162162	4628696	4656229	99.40868458144992	0x61c808d82a3ac53231750dadc13c777b59310bd9
3861412	1497279454	Mon, 12 Jun 2017 14:57:34 UTC	0	28	0	1	0	766496	4660742	16.44579339512893	0xea674fdde714fd979de3edf0f56aa9716b898ec8
3861413	1497279466	Mon, 12 Jun 2017 14:57:46 UTC	0	29	0	0	0	847866	4665256	18.174050898814556	0xea674fdde714fd979de3edf0f56aa9716b898ec8
3861414	1497279493	Mon, 12 Jun 2017 14:58:13 UTC	0	23	0	0	0	4657900	4669810	99.74495750362435	0xe8baa417ae28c39f723ddf9fc4e4f3b28f5d9f6b
3861415	1497279548	Mon, 12 Jun 2017 14:59:08 UTC	1	19	0	0	5	4645368	4665256	99.57369970693999	0x52bc44d5378309ee2abf1539bf71de1b7d7be3b5
3861416	1497279559	Mon, 12 Jun 2017 14:59:19 UTC	0	75	0	0	0	1707962	4669807	36.574573638696414	0xea674fdde714fd979de3edf0f56aa9716b898ec8
3861417	1497279564	Mon, 12 Jun 2017 14:59:24 UTC	0	1	0	0	0	30981	4674358	0.6627862050788579	0xea674fdde714fd979de3edf0f56aa9716b898ec8
3861418	1497279592	Mon, 12 Jun 2017 14:59:52 UTC	33	13	0	0	71.73913043478261	4650615	4669807	99.58901941771897	0xa42af2c70d316684e57aefcc6e393fecb1c7e84e
3861419	1497279600	Mon, 12 Jun 2017 15:00:00 UTC	49	4	0	0	92.45283018867924	4624937	4665256	99.13576018122049	0xa42af2c70d316684e57aefcc6e393fecb1c7e84e
3861420	1497279611	Mon, 12 Jun 2017 15:00:11 UTC	31	12	0	0	72.09302325581395	4653720	4660705	99.85012996960761	0x52bc44d5378309ee2abf1539bf71de1b7d7be3b5
3861421	1497279617	Mon, 12 Jun 2017 15:00:17 UTC	51	5	0	0	91.07142857142857	4633560	4665219	99.32138234025027	0xa9a926bed50dc038b20bb20de361e4c35aae51fc
3861422	1497279623	Mon, 12 Jun 2017 15:00:23 UTC	0	82	0	0	0	2257498	4669770	48.34280917475593	0xea674fdde714fd979de3edf0f56aa9716b898ec8
3861423	1497279632	Mon, 12 Jun 2017 15:00:32 UTC	33	8	0	0	80.48780487804878	4625069	4674321	98.94632824746097	0xa9a926bed50dc038b20bb20de361e4c35aae51fc
3861424	1497279640	Mon, 12 Jun 2017 15:00:40 UTC	0	0	0	0	0	408898	4678872	8.739243133815158	0xb2930b35844a230f00e51431acae96fe543a0347
3861425	1497279645	Mon, 12 Jun 2017 15:00:45 UTC	34	15	0	0	69.38775510204081	4656027	4674321	99.60862764880717	0x52bc44d5378309ee2abf1539bf71de1b7d7be3b5
3861426	1497279649	Mon, 12 Jun 2017 15:00:49 UTC	50	9	0	0	84.7457627118644	4649175	4669770	99.5589718551449	0x52bc44d5378309ee2abf1539bf71de1b7d7be3b5
3861427	1497279651	Mon, 12 Jun 2017 15:00:51 UTC	50	7	0	0	87.71929824561404	4669155	4674321	99.88948127439258	0xea674fdde714fd979de3edf0f56aa9716b898ec8
3861428	1497279667	Mon, 12 Jun 2017 15:01:07 UTC	31	44	0	0	41.333333333333336	4624718	4669758	99.0354960578257	0x61c808d82a3ac53231750dadc13c777b59310bd9
3861429	1497279699	Mon, 12 Jun 2017 15:01:39 UTC	32	50	0	0	39.02439024390244	4634296	4665199	99.33758452747675	0x61c808d82a3ac53231750dadc13c777b59310bd9
3861430	1497279708	Mon, 12 Jun 2017 15:01:48 UTC	3	7	0	0	30	4645397	4660645	99.67283498314075	0xc0ea08a2d404d3172d2add29a45be56da40e2949
3861431	1497279720	Mon, 12 Jun 2017 15:02:00 UTC	44	32	0	1	57.142857142857146	4607893	4656095	98.96475479989132	0x61c808d82a3ac53231750dadc13c777b59310bd9
3861432	1497279737	Mon, 12 Jun 2017 15:02:17 UTC	33	15	0	0	68.75	4594066	4660631	98.57175991834582	0xb2930b35844a230f00e51431acae96fe543a0347
3861433	1497279746	Mon, 12 Jun 2017 15:02:26 UTC	41	29	0	2	56.94444444444444	4620333	4656081	99.23222985167139	0x61c808d82a3ac53231750dadc13c777b59310bd9
3861434	1497279762	Mon, 12 Jun 2017 15:02:42 UTC	46	20	0	0	69.6969696969697	4599749	4651536	98.88666883369278	0x61c808d82a3ac53231750dadc13c777b59310bd9
3861435	1497279764	Mon, 12 Jun 2017 15:02:44 UTC	0	54	0	1	0	1196478	4656043	25.69731422153962	0xea674fdde714fd979de3edf0f56aa9716b898ec8
3861436	1497279773	Mon, 12 Jun 2017 15:02:53 UTC	45	10	0	0	81.81818181818181	4639854	4651529	99.74900726191323	0xa42af2c70d316684e57aefcc6e393fecb1c7e84e
3861437	1497279777	Mon, 12 Jun 2017 15:02:57 UTC	48	14	0	0	77.41935483870968	4606978	4646988	99.1390121945656	0x61c808d82a3ac53231750dadc13c777b59310bd9
3861438	1497279779	Mon, 12 Jun 2017 15:02:59 UTC	51	6	0	0	89.47368421052632	4620098	4642451	99.51850864984897	0x61c808d82a3ac53231750dadc13c777b59310bd9
3861439	1497279824	Mon, 12 Jun 2017 15:03:44 UTC	0	42	0	0	0	985864	4646978	21.21516391943323	0xea674fdde714fd979de3edf0f56aa9716b898ec8
3861440	1497279842	Mon, 12 Jun 2017 15:04:02 UTC	19	16	0	3	50	4629606	4642464	99.72303500899523	0x2a65aca4d5fc5b5c859090a6c34d164135398226
3861441	1497279844	Mon, 12 Jun 2017 15:04:04 UTC	44	14	0	0	75.86206896551724	4635287	4637950	99.94258239092703	0x2a65aca4d5fc5b5c859090a6c34d164135398226
3861442	1497279862	Mon, 12 Jun 2017 15:04:22 UTC	37	8	0	0	82.22222222222223	4630267	4642464	99.73727313771307	0x4bb96091ee9d802ed039c4d1a5f6216f90f81b01
3861443	1497279886	Mon, 12 Jun 2017 15:04:46 UTC	33	55	0	2	36.666666666666664	4612725	4637932	99.45650345886916	0x61c808d82a3ac53231750dadc13c777b59310bd9
3861444	1497279892	Mon, 12 Jun 2017 15:04:52 UTC	0	31	0	0	0	693000	4642427	14.927536825027081	0xea674fdde714fd979de3edf0f56aa9716b898ec8
3861445	1497279899	Mon, 12 Jun 2017 15:04:59 UTC	41	13	0	0	75.92592592592592	4524184	4646941	97.35832669276412	0x6b4afbc48f4d6564fe7b2ef80f256a6567ed155e
3861446	1497279916	Mon, 12 Jun 2017 15:05:16 UTC	44	20	0	0	68.75	4642905	4651455	99.81618654808011	0xea674fdde714fd979de3edf0f56aa9716b898ec8
3861447	1497279937	Mon, 12 Jun 2017 15:05:37 UTC	38	14	0	1	71.69811320754717	4613485	4646941	99.2800425053815	0x52bc44d5378309ee2abf1539bf71de1b7d7be3b5
3861448	1497279947	Mon, 12 Jun 2017 15:05:47 UTC	43	27	0	1	60.563380281690144	4607017	4642404	99.23774406535924	0x61c808d82a3ac53231750dadc13c777b59310bd9
3861449	1497279954	Mon, 12 Jun 2017 15:05:54 UTC	41	6	0	0	87.23404255319149	4622773	4646904	99.4807080154873	0xea674fdde714fd979de3edf0f56aa9716b898ec8
3861450	1497279962	Mon, 12 Jun 2017 15:06:02 UTC	47	13	0	0	78.33333333333333	4617435	4642368	99.46292495553993	0x61c808d82a3ac53231750dadc13c777b59310bd9
3861451	1497279964	Mon, 12 Jun 2017 15:06:04 UTC	49	2	0	0	96.07843137254902	4570326	4646867	98.35284719790775	0x1e9939daaad6924ad004c2560e90804164900341
3861452	1497279980	Mon, 12 Jun 2017 15:06:20 UTC	0	0	0	0	0	400000	4651381	8.59959654992786	0xb2930b35844a230f00e51431acae96fe543a0347
3861453	1497279986	Mon, 12 Jun 2017 15:06:26 UTC	40	25	0	1	60.60606060606061	4631579	4646840	99.67158326949067	0x61c808d82a3ac53231750dadc13c777b59310bd9
3861454	1497279994	Mon, 12 Jun 2017 15:06:34 UTC	0	39	0	1	0	844000	4651344	18.145293059382407	0xea674fdde714fd979de3edf0f56aa9716b898ec8
3861455	1497280006	Mon, 12 Jun 2017 15:06:46 UTC	48	11	0	0	81.35593220338983	4590273	4646803	98.78346467453	0x61c808d82a3ac53231750dadc13c777b59310bd9
3861456	1497280023	Mon, 12 Jun 2017 15:07:03 UTC	51	11	0	0	82.25806451612904	4626488	4642267	99.66010141165943	0x61c808d82a3ac53231750dadc13c777b59310bd9
3861457	1497280046	Mon, 12 Jun 2017 15:07:26 UTC	36	15	0	0	70.58823529411765	4595480	4637735	99.08888713995086	0xc0ea08a2d404d3172d2add29a45be56da40e2949
3861458	1497280071	Mon, 12 Jun 2017 15:07:51 UTC	0	48	0	0	0	1088413	4642242	23.44584793295998	0xea674fdde714fd979de3edf0f56aa9716b898ec8
3861459	1497280109	Mon, 12 Jun 2017 15:08:29 UTC	40	20	0	0	66.66666666666667	4624119	4637728	99.7065589012551	0xa42af2c70d316684e57aefcc6e393fecb1c7e84e
3861460	1497280121	Mon, 12 Jun 2017 15:08:41 UTC	0	38	0	0	0	916536	4642242	19.743391232081397	0xea674fdde714fd979de3edf0f56aa9716b898ec8
3861461	1497280127	Mon, 12 Jun 2017 15:08:47 UTC	39	4	0	0	90.69767441860465	4625832	4646756	99.54970736574074	0x1e9939daaad6924ad004c2560e90804164900341
3861462	1497280136	Mon, 12 Jun 2017 15:08:56 UTC	28	8	0	0	77.77777777777777	4628589	4651270	99.5123697398775	0xea674fdde714fd979de3edf0f56aa9716b898ec8
3861463	1497280139	Mon, 12 Jun 2017 15:08:59 UTC	51	2	0	0	96.22641509433963	4641504	4655784	99.69328474001371	0xb2930b35844a230f00e51431acae96fe543a0347
3861464	1497280148	Mon, 12 Jun 2017 15:09:08 UTC	0	28	0	0	0	621950	4660298	13.345713085300554	0xea674fdde714fd979de3edf0f56aa9716b898ec8
3861465	1497280151	Mon, 12 Jun 2017 15:09:11 UTC	43	4	0	0	91.48936170212765	4521490	4664812	96.92759322347824	0xa9a926bed50dc038b20bb20de361e4c35aae51fc
3861466	1497280167	Mon, 12 Jun 2017 15:09:27 UTC	43	6	0	0	87.75510204081633	4647890	4669363	99.54012999203532	0x1e9939daaad6924ad004c2560e90804164900341
3861467	1497280175	Mon, 12 Jun 2017 15:09:35 UTC	0	20	0	1	0	473985	4673914	10.141072343222405	0xea674fdde714fd979de3edf0f56aa9716b898ec8
3861468	1497280177	Mon, 12 Jun 2017 15:09:37 UTC	44	6	0	1	86.27450980392157	4606390	4669351	98.65161132671328	0xc0ea08a2d404d3172d2add29a45be56da40e2949
3861469	1497280188	Mon, 12 Jun 2017 15:09:48 UTC	47	14	0	1	75.80645161290323	4657125	4664793	99.83561971560152	0x61c808d82a3ac53231750dadc13c777b59310bd9
3861470	1497280201	Mon, 12 Jun 2017 15:10:01 UTC	50	9	0	0	84.7457627118644	4586236	4660239	98.41203423257906	0x61c808d82a3ac53231750dadc13c777b59310bd9
3861471	1497280204	Mon, 12 Jun 2017 15:10:04 UTC	35	6	0	1	83.33333333333333	4594521	4655689	98.6861665373267	0xc0ea08a2d404d3172d2add29a45be56da40e2949
3861472	1497280229	Mon, 12 Jun 2017 15:10:29 UTC	46	18	0	0	71.875	4652040	4660224	99.8243861239288	0xea674fdde714fd979de3edf0f56aa9716b898ec8
3861473	1497280241	Mon, 12 Jun 2017 15:10:41 UTC	0	57	0	0	0	1420954	4664738	30.461603631329346	0xea674fdde714fd979de3edf0f56aa9716b898ec8
3861474	1497280243	Mon, 12 Jun 2017 15:10:43 UTC	36	20	0	1	63.1578947368421	4647049	4660187	99.7180799826273	0x52bc44d5378309ee2abf1539bf71de1b7d7be3b5
3861475	1497280246	Mon, 12 Jun 2017 15:10:46 UTC	49	7	0	0	87.5	4598554	4655638	98.77387374190175	0x61c808d82a3ac53231750dadc13c777b59310bd9
3861476	1497280251	Mon, 12 Jun 2017 15:10:51 UTC	51	3	0	0	94.44444444444444	4648294	4660150	99.74558758838235	0xf3b9d2c81f2b24b0fa0acaaa865b7d9ced5fc2fb
3861477	1497280260	Mon, 12 Jun 2017 15:11:00 UTC	38	10	0	0	79.16666666666667	4642174	4655601	99.7115947006627	0xc0ea08a2d404d3172d2add29a45be56da40e2949
3861478	1497280268	Mon, 12 Jun 2017 15:11:08 UTC	48	10	0	0	82.75862068965517	4586734	4651056	98.61704524735887	0x61c808d82a3ac53231750dadc13c777b59310bd9
3861479	1497280272	Mon, 12 Jun 2017 15:11:12 UTC	0	0	0	0	0	0	4646534	0	0x2a65aca4d5fc5b5c859090a6c34d164135398226
3861480	1497280297	Mon, 12 Jun 2017 15:11:37 UTC	0	47	0	2	0	1044395	4651048	22.455046690552322	0xea674fdde714fd979de3edf0f56aa9716b898ec8
3861481	1497280300	Mon, 12 Jun 2017 15:11:40 UTC	48	8	0	0	85.71428571428571	4589748	4646507	98.77845874330976	0x61c808d82a3ac53231750dadc13c777b59310bd9
3861482	1497280318	Mon, 12 Jun 2017 15:11:58 UTC	45	9	0	0	83.33333333333333	4645955	4651011	99.89129245232918	0xea674fdde714fd979de3edf0f56aa9716b898ec8
3861483	1497280320	Mon, 12 Jun 2017 15:12:00 UTC	0	29	0	0	0	637800	4655525	13.699851252007024	0xea674fdde714fd979de3edf0f56aa9716b898ec8
3861484	1497280325	Mon, 12 Jun 2017 15:12:05 UTC	31	12	0	1	70.45454545454545	4641723	4651011	99.80030148283889	0x52bc44d5378309ee2abf1539bf71de1b7d7be3b5
3861485	1497280348	Mon, 12 Jun 2017 15:12:28 UTC	43	23	0	0	65.15151515151516	4654479	4655525	99.97753207210788	0xea674fdde714fd979de3edf0f56aa9716b898ec8
3861486	1497280377	Mon, 12 Jun 2017 15:12:57 UTC	36	35	0	0	50.70422535211268	4602136	4651011	98.94915320561486	0x52bc44d5378309ee2abf1539bf71de1b7d7be3b5
3861487	1497280400	Mon, 12 Jun 2017 15:13:20 UTC	0	0	0	0	0	0	4655525	0	0xb2930b35844a230f00e51431acae96fe543a0347
3861488	1497280419	Mon, 12 Jun 2017 15:13:39 UTC	0	100	0	0	0	2312478	4660039	49.62357611170207	0xea674fdde714fd979de3edf0f56aa9716b898ec8
3861489	1497280424	Mon, 12 Jun 2017 15:13:44 UTC	26	17	0	0	60.46511627906977	4581284	4655490	98.40605392772834	0xc0ea08a2d404d3172d2add29a45be56da40e2949
3861490	1497280446	Mon, 12 Jun 2017 15:14:06 UTC	44	21	0	0	67.6923076923077	4636877	4650974	99.69690219726019	0x52bc44d5378309ee2abf1539bf71de1b7d7be3b5
3861491	1497280457	Mon, 12 Jun 2017 15:14:17 UTC	3	37	0	0	7.5	4643308	4655514	99.73781627549612	0xe8baa417ae28c39f723ddf9fc4e4f3b28f5d9f6b
3861492	1497280467	Mon, 12 Jun 2017 15:14:27 UTC	0	58	0	0	0	1277924	4660039	27.423032296510822	0xea674fdde714fd979de3edf0f56aa9716b898ec8
3861493	1497280478	Mon, 12 Jun 2017 15:14:38 UTC	42	18	0	0	70	4601647	4664553	98.65140346781352	0x1e9939daaad6924ad004c2560e90804164900341
3861494	1497280486	Mon, 12 Jun 2017 15:14:46 UTC	49	4	0	0	92.45283018867924	4623343	4669104	99.01991902514915	0x1e9939daaad6924ad004c2560e90804164900341
3861495	1497280498	Mon, 12 Jun 2017 15:14:58 UTC	44	31	0	1	57.89473684210526	4654575	4664546	99.78623857498673	0x61c808d82a3ac53231750dadc13c777b59310bd9
3861496	1497280505	Mon, 12 Jun 2017 15:15:05 UTC	45	6	0	0	88.23529411764706	4659155	4659992	99.98203859577441	0xc0ea08a2d404d3172d2add29a45be56da40e2949
3861497	1497280524	Mon, 12 Jun 2017 15:15:24 UTC	41	15	0	0	73.21428571428571	4599773	4655451	98.80402564649484	0xa42af2c70d316684e57aefcc6e393fecb1c7e84e
3861498	1497280553	Mon, 12 Jun 2017 15:15:53 UTC	39	10	0	0	79.59183673469387	4562377	4650906	98.09652140894698	0xc0ea08a2d404d3172d2add29a45be56da40e2949
3861499	1497280574	Mon, 12 Jun 2017 15:16:14 UTC	43	31	0	1	57.333333333333336	4606439	4646366	99.1406832780715	0x61c808d82a3ac53231750dadc13c777b59310bd9
3861500	1497280610	Mon, 12 Jun 2017 15:16:50 UTC	0	103	0	2	0	2347394	4650900	50.47182265798018	0xea674fdde714fd979de3edf0f56aa9716b898ec8
3861501	1497280612	Mon, 12 Jun 2017 15:16:52 UTC	50	11	0	0	81.9672131147541	4621716	4646360	99.46960631548137	0x61c808d82a3ac53231750dadc13c777b59310bd9
3861502	1497280621	Mon, 12 Jun 2017 15:17:01 UTC	50	8	0	0	86.20689655172414	4572692	4641824	98.51067166699987	0x61c808d82a3ac53231750dadc13c777b59310bd9
3861503	1497280629	Mon, 12 Jun 2017 15:17:09 UTC	1	33	0	0	2.9411764705882355	4612980	4637321	99.475106424593	0x52bc44d5378309ee2abf1539bf71de1b7d7be3b5
3861504	1497280639	Mon, 12 Jun 2017 15:17:19 UTC	41	13	0	1	74.54545454545455	4595835	4641835	99.00901259954307	0xb2930b35844a230f00e51431acae96fe543a0347
3861505	1497280649	Mon, 12 Jun 2017 15:17:29 UTC	39	38	0	0	50.64935064935065	4562620	4637321	98.38913458869895	0x52bc44d5378309ee2abf1539bf71de1b7d7be3b5
3861506	1497280652	Mon, 12 Jun 2017 15:17:32 UTC	49	4	0	0	92.45283018867924	4618731	4632807	99.69616692428586	0xa42af2c70d316684e57aefcc6e393fecb1c7e84e
3861507	1497280661	Mon, 12 Jun 2017 15:17:41 UTC	46	24	0	1	64.78873239436619	4595743	4628284	99.29691004268537	0x61c808d82a3ac53231750dadc13c777b59310bd9
3861508	1497280682	Mon, 12 Jun 2017 15:18:02 UTC	39	13	0	0	75	4599780	4632770	99.2878990323284	0xea674fdde714fd979de3edf0f56aa9716b898ec8
3861509	1497280734	Mon, 12 Jun 2017 15:18:54 UTC	38	37	0	1	50	4558574	4628247	98.4946136193682	0x61c808d82a3ac53231750dadc13c777b59310bd9
3861510	1497280753	Mon, 12 Jun 2017 15:19:13 UTC	43	7	0	0	86	4620286	4632733	99.73132490044213	0x1e9939daaad6924ad004c2560e90804164900341
3861511	1497280756	Mon, 12 Jun 2017 15:19:16 UTC	47	5	0	0	90.38461538461539	4611924	4637247	99.4539216910378	0xb2930b35844a230f00e51431acae96fe543a0347
3861512	1497280789	Mon, 12 Jun 2017 15:19:49 UTC	25	16	0	0	60.97560975609756	4602649	4641774	99.15711105280008	0xe8baa417ae28c39f723ddf9fc4e4f3b28f5d9f6b
3861513	1497280801	Mon, 12 Jun 2017 15:20:01 UTC	48	16	0	0	75	4631532	4646275	99.682692049007	0xb2930b35844a230f00e51431acae96fe543a0347
3861514	1497280834	Mon, 12 Jun 2017 15:20:34 UTC	36	58	0	1	37.89473684210526	4578544	4641739	98.63854904379588	0x61c808d82a3ac53231750dadc13c777b59310bd9
3861515	1497280855	Mon, 12 Jun 2017 15:20:55 UTC	38	38	0	0	50	4635030	4637210	99.95298897397358	0x52bc44d5378309ee2abf1539bf71de1b7d7be3b5
3861516	1497280872	Mon, 12 Jun 2017 15:21:12 UTC	36	49	0	0	42.35294117647059	4540092	4632683	98.0013525639462	0x61c808d82a3ac53231750dadc13c777b59310bd9
3861517	1497280884	Mon, 12 Jun 2017 15:21:24 UTC	41	13	0	0	75.92592592592592	4621889	4637173	99.67040263539876	0x1e9939daaad6924ad004c2560e90804164900341
3861518	1497280905	Mon, 12 Jun 2017 15:21:45 UTC	0	0	0	0	0	0	4641687	0	0xb2930b35844a230f00e51431acae96fe543a0347
3861519	1497280936	Mon, 12 Jun 2017 15:22:16 UTC	0	213	0	3	0	4614866	4646201	99.32557803676595	0xea674fdde714fd979de3edf0f56aa9716b898ec8
3861520	1497280945	Mon, 12 Jun 2017 15:22:25 UTC	42	18	0	0	70	4611764	4650715	99.16247286707528	0xea674fdde714fd979de3edf0f56aa9716b898ec8
3861521	1497280950	Mon, 12 Jun 2017 15:22:30 UTC	48	4	0	0	92.3076923076923	4570709	4646201	98.37518867565136	0xa42af2c70d316684e57aefcc6e393fecb1c7e84e
3861522	1497280961	Mon, 12 Jun 2017 15:22:41 UTC	6	15	0	0	28.571428571428573	4639378	4648360	99.80677055993942	0x61c808d82a3ac53231750dadc13c777b59310bd9
3861523	1497280983	Mon, 12 Jun 2017 15:23:03 UTC	0	0	0	0	0	0	4643833	0	0x2a65aca4d5fc5b5c859090a6c34d164135398226
3861524	1497280996	Mon, 12 Jun 2017 15:23:16 UTC	43	16	0	1	71.66666666666667	4639261	4648347	99.80453266505276	0xea674fdde714fd979de3edf0f56aa9716b898ec8
3861525	1497281009	Mon, 12 Jun 2017 15:23:29 UTC	52	2	0	0	96.29629629629629	4624385	4652861	99.38798945423042	0xb2930b35844a230f00e51431acae96fe543a0347
3861526	1497281010	Mon, 12 Jun 2017 15:23:30 UTC	0	0	0	0	0	0	4648347	0	0x2a65aca4d5fc5b5c859090a6c34d164135398226
3861527	1497281021	Mon, 12 Jun 2017 15:23:41 UTC	33	61	0	4	33.673469387755105	4564464	4643809	98.29138106239942	0x61c808d82a3ac53231750dadc13c777b59310bd9
3861528	1497281026	Mon, 12 Jun 2017 15:23:46 UTC	39	30	0	0	56.52173913043478	4549114	4639276	98.05655020309203	0x61c808d82a3ac53231750dadc13c777b59310bd9
3861529	1497281057	Mon, 12 Jun 2017 15:24:17 UTC	35	45	0	3	42.16867469879518	4619266	4634747	99.665979610106	0x61c808d82a3ac53231750dadc13c777b59310bd9
3861530	1497281076	Mon, 12 Jun 2017 15:24:36 UTC	0	0	0	0	0	0	4630254	0	0x2a65aca4d5fc5b5c859090a6c34d164135398226
3861531	1497281092	Mon, 12 Jun 2017 15:24:52 UTC	27	49	0	3	34.177215189873415	4469461	4625734	96.62166047593745	0x61c808d82a3ac53231750dadc13c777b59310bd9
3861532	1497281132	Mon, 12 Jun 2017 15:25:32 UTC	18	20	0	0	47.36842105263158	4618746	4630217	99.7522578315444	0xea674fdde714fd979de3edf0f56aa9716b898ec8
3861533	1497281147	Mon, 12 Jun 2017 15:25:47 UTC	36	46	0	1	43.373493975903614	4527602	4625697	97.87934661522361	0x61c808d82a3ac53231750dadc13c777b59310bd9
3861534	1497281172	Mon, 12 Jun 2017 15:26:12 UTC	36	17	0	0	67.9245283018868	4621378	4630180	99.80989939915943	0xea674fdde714fd979de3edf0f56aa9716b898ec8
3861535	1497281194	Mon, 12 Jun 2017 15:26:34 UTC	0	212	0	1	0	4596201	4634694	99.16945973132206	0xea674fdde714fd979de3edf0f56aa9716b898ec8
3861536	1497281204	Mon, 12 Jun 2017 15:26:44 UTC	38	22	0	1	62.295081967213115	4606241	4630180	99.48297906344894	0x52bc44d5378309ee2abf1539bf71de1b7d7be3b5
3861537	1497281215	Mon, 12 Jun 2017 15:26:55 UTC	0	0	0	0	0	60000	4634694	1.2945838495486433	0x73b8865eda227d6fffabc83c78124dea8c347fea
3861538	1497281229	Mon, 12 Jun 2017 15:27:09 UTC	38	35	0	0	52.054794520547944	4619947	4630180	99.7789934732559	0x52bc44d5378309ee2abf1539bf71de1b7d7be3b5
3861539	1497281271	Mon, 12 Jun 2017 15:27:51 UTC	0	0	0	0	0	0	4634694	0	0xb2930b35844a230f00e51431acae96fe543a0347
3861540	1497281300	Mon, 12 Jun 2017 15:28:20 UTC	0	1	0	0	0	21000	4639208	0.4526634718684741	0xb2930b35844a230f00e51431acae96fe543a0347
3861541	1497281302	Mon, 12 Jun 2017 15:28:22 UTC	31	32	0	0	49.20634920634921	4625071	4643722	99.59836096992886	0x1e9939daaad6924ad004c2560e90804164900341
3861542	1497281309	Mon, 12 Jun 2017 15:28:29 UTC	44	30	0	0	59.45945945945946	4629371	4639208	99.78795949653475	0x52bc44d5378309ee2abf1539bf71de1b7d7be3b5
3861543	1497281312	Mon, 12 Jun 2017 15:28:32 UTC	48	6	0	1	87.27272727272727	4625353	4643722	99.60443368487606	0x4bb96091ee9d802ed039c4d1a5f6216f90f81b01
3861544	1497281320	Mon, 12 Jun 2017 15:28:40 UTC	45	9	0	0	83.33333333333333	4382338	4645964	94.32569860636028	0x61c808d82a3ac53231750dadc13c777b59310bd9
3861545	1497281346	Mon, 12 Jun 2017 15:29:06 UTC	37	16	0	1	68.51851851851852	4626914	4650493	99.49297848636692	0xb2930b35844a230f00e51431acae96fe543a0347
3861546	1497281384	Mon, 12 Jun 2017 15:29:44 UTC	42	14	0	0	75	4653433	4655007	99.96618694665766	0x1e9939daaad6924ad004c2560e90804164900341
3861547	1497281394	Mon, 12 Jun 2017 15:29:54 UTC	3	14	0	1	16.666666666666668	4646796	4659551	99.72626117838392	0xa4aaf1d8dca32196f26c157a690a85c71b387f0d
3861548	1497281401	Mon, 12 Jun 2017 15:30:01 UTC	19	106	0	2	14.960629921259843	4590076	4655002	98.60524227486906	0x61c808d82a3ac53231750dadc13c777b59310bd9
3861549	1497281439	Mon, 12 Jun 2017 15:30:39 UTC	37	21	0	1	62.71186440677966	4647722	4650493	99.94041491945048	0x2a65aca4d5fc5b5c859090a6c34d164135398226
3861550	1497281449	Mon, 12 Jun 2017 15:30:49 UTC	27	12	0	0	69.23076923076923	4649517	4655007	99.88206247595332	0x6c7f03ddfdd8a37ca267c88630a4fee958591de0
3861551	1497281459	Mon, 12 Jun 2017 15:30:59 UTC	25	13	0	1	64.1025641025641	4639042	4657273	99.60854774886505	0x61c808d82a3ac53231750dadc13c777b59310bd9
3861552	1497281472	Mon, 12 Jun 2017 15:31:12 UTC	0	215	0	2	0	4645667	4661815	99.65361130804204	0xea674fdde714fd979de3edf0f56aa9716b898ec8
3861553	1497281497	Mon, 12 Jun 2017 15:31:37 UTC	42	16	0	3	68.85245901639344	4619069	4657264	99.17988329628726	0xc0ea08a2d404d3172d2add29a45be56da40e2949
3861554	1497281510	Mon, 12 Jun 2017 15:31:50 UTC	39	41	0	2	47.5609756097561	4600020	4652717	98.86739296630334	0x61c808d82a3ac53231750dadc13c777b59310bd9
3861555	1497281511	Mon, 12 Jun 2017 15:31:51 UTC	49	4	0	1	90.74074074074075	4592906	4648175	98.8109526857315	0x61c808d82a3ac53231750dadc13c777b59310bd9
3861556	1497281525	Mon, 12 Jun 2017 15:32:05 UTC	47	11	0	0	81.03448275862068	4599423	4643648	99.04762376476425	0xa42af2c70d316684e57aefcc6e393fecb1c7e84e
3861557	1497281532	Mon, 12 Jun 2017 15:32:12 UTC	29	44	0	0	39.726027397260275	4583697	4639134	98.80501403925818	0x52bc44d5378309ee2abf1539bf71de1b7d7be3b5
3861558	1497281569	Mon, 12 Jun 2017 15:32:49 UTC	42	28	0	1	59.15492957746479	4635411	4643648	99.82261790730047	0x1e9939daaad6924ad004c2560e90804164900341
3861559	1497281575	Mon, 12 Jun 2017 15:32:55 UTC	44	32	0	1	57.142857142857146	4638114	4639115	99.97842260862255	0x61c808d82a3ac53231750dadc13c777b59310bd9
3861560	1497281607	Mon, 12 Jun 2017 15:33:27 UTC	38	44	0	0	46.34146341463415	4533642	4634586	97.82194137728807	0x61c808d82a3ac53231750dadc13c777b59310bd9
3861561	1497281612	Mon, 12 Jun 2017 15:33:32 UTC	43	9	0	1	81.13207547169812	4606494	4639097	99.29721236697573	0x4bb96091ee9d802ed039c4d1a5f6216f90f81b01
3861562	1497281614	Mon, 12 Jun 2017 15:33:34 UTC	37	43	0	1	45.67901234567901	4592087	4634583	99.08306745180742	0x52bc44d5378309ee2abf1539bf71de1b7d7be3b5
3861563	1497281637	Mon, 12 Jun 2017 15:33:57 UTC	0	214	0	0	0	4612990	4639097	99.43723961796876	0xea674fdde714fd979de3edf0f56aa9716b898ec8
3861564	1497281644	Mon, 12 Jun 2017 15:34:04 UTC	33	14	0	2	67.34693877551021	4560326	4643611	98.20646044640691	0x1e9939daaad6924ad004c2560e90804164900341
3861565	1497281663	Mon, 12 Jun 2017 15:34:23 UTC	46	8	0	0	85.18518518518519	4610423	4639097	99.3819055734338	0xa42af2c70d316684e57aefcc6e393fecb1c7e84e
3861566	1497281674	Mon, 12 Jun 2017 15:34:34 UTC	37	44	0	0	45.67901234567901	4502871	4634568	97.15837592629993	0x61c808d82a3ac53231750dadc13c777b59310bd9
3861567	1497281688	Mon, 12 Jun 2017 15:34:48 UTC	34	31	0	0	52.30769230769231	4621518	4630069	99.81531592725725	0x52bc44d5378309ee2abf1539bf71de1b7d7be3b5
3861568	1497281691	Mon, 12 Jun 2017 15:34:51 UTC	0	41	0	2	0	928978	4634583	20.044478651045843	0xea674fdde714fd979de3edf0f56aa9716b898ec8
3861569	1497281706	Mon, 12 Jun 2017 15:35:06 UTC	0	55	0	0	0	1225864	4639097	26.424625309623835	0xea674fdde714fd979de3edf0f56aa9716b898ec8
3861570	1497281718	Mon, 12 Jun 2017 15:35:18 UTC	0	5	0	0	0	577122	4643611	12.428302026160244	0x73b8865eda227d6fffabc83c78124dea8c347fea
3861571	1497281723	Mon, 12 Jun 2017 15:35:23 UTC	0	0	0	0	0	0	4639097	0	0x2a65aca4d5fc5b5c859090a6c34d164135398226
3861572	1497281763	Mon, 12 Jun 2017 15:36:03 UTC	0	1	0	0	0	21000	4634583	0.4531151993609781	0x2a65aca4d5fc5b5c859090a6c34d164135398226
3861573	1497281799	Mon, 12 Jun 2017 15:36:39 UTC	19	97	0	0	16.379310344827587	4577317	4630059	98.86087844668934	0x61c808d82a3ac53231750dadc13c777b59310bd9
3861574	1497281803	Mon, 12 Jun 2017 15:36:43 UTC	42	3	0	0	93.33333333333333	4623221	4634546	99.75563949521701	0x1e9939daaad6924ad004c2560e90804164900341
3861575	1497281805	Mon, 12 Jun 2017 15:36:45 UTC	44	21	0	0	67.6923076923077	4627298	4639060	99.74645725642695	0x1e9939daaad6924ad004c2560e90804164900341
3861576	1497281837	Mon, 12 Jun 2017 15:37:17 UTC	37	39	0	0	48.68421052631579	4549689	4634531	98.16935090087864	0x61c808d82a3ac53231750dadc13c777b59310bd9
3861577	1497281868	Mon, 12 Jun 2017 15:37:48 UTC	0	1	0	0	0	21000	4630032	0.4535605801428586	0x2a65aca4d5fc5b5c859090a6c34d164135398226
3861578	1497281871	Mon, 12 Jun 2017 15:37:51 UTC	43	26	0	0	62.31884057971015	4547245	4625512	98.30792785749988	0x61c808d82a3ac53231750dadc13c777b59310bd9
3861579	1497281878	Mon, 12 Jun 2017 15:37:58 UTC	0	0	0	0	0	0	4621004	0	0x2a65aca4d5fc5b5c859090a6c34d164135398226
3861580	1497281884	Mon, 12 Jun 2017 15:38:04 UTC	47	19	0	0	71.21212121212122	4621189	4625481	99.90720965019638	0xea674fdde714fd979de3edf0f56aa9716b898ec8
3861581	1497281901	Mon, 12 Jun 2017 15:38:21 UTC	41	13	0	0	75.92592592592592	4495945	4620965	97.29450450284735	0xc0ea08a2d404d3172d2add29a45be56da40e2949
3861582	1497281908	Mon, 12 Jun 2017 15:38:28 UTC	0	127	0	1	0	2834623	4625444	61.28326275272168	0xea674fdde714fd979de3edf0f56aa9716b898ec8
3861583	1497281916	Mon, 12 Jun 2017 15:38:36 UTC	40	13	0	0	75.47169811320755	4526708	4629958	97.76995817240675	0xb2930b35844a230f00e51431acae96fe543a0347
3861584	1497281926	Mon, 12 Jun 2017 15:38:46 UTC	0	0	0	0	0	0	4625444	0	0x2a65aca4d5fc5b5c859090a6c34d164135398226
3861585	1497281930	Mon, 12 Jun 2017 15:38:50 UTC	49	11	0	0	81.66666666666667	4624934	4629958	99.89148929644718	0xb2930b35844a230f00e51431acae96fe543a0347
3861586	1497281941	Mon, 12 Jun 2017 15:39:01 UTC	1	4	0	0	20	818539	4634472	17.66196882838002	0x73b8865eda227d6fffabc83c78124dea8c347fea
3861587	1497281951	Mon, 12 Jun 2017 15:39:11 UTC	0	0	0	0	0	0	4638986	0	0xb2930b35844a230f00e51431acae96fe543a0347
3861588	1497281955	Mon, 12 Jun 2017 15:39:15 UTC	37	20	0	1	63.793103448275865	4624971	4643500	99.60096909658662	0x1e9939daaad6924ad004c2560e90804164900341
3861589	1497281961	Mon, 12 Jun 2017 15:39:21 UTC	42	9	0	0	82.3529411764706	4465167	4638986	96.25308203128873	0x52bc44d5378309ee2abf1539bf71de1b7d7be3b5
3861590	1497281969	Mon, 12 Jun 2017 15:39:29 UTC	37	51	0	0	42.04545454545455	4530455	4634457	97.75589675338449	0x61c808d82a3ac53231750dadc13c777b59310bd9
3861591	1497282006	Mon, 12 Jun 2017 15:40:06 UTC	38	25	0	0	60.317460317460316	4635394	4638949	99.92336626248748	0x1e9939daaad6924ad004c2560e90804164900341
3861592	1497282012	Mon, 12 Jun 2017 15:40:12 UTC	0	0	0	0	0	0	4634435	0	0x2a65aca4d5fc5b5c859090a6c34d164135398226
3861593	1497282014	Mon, 12 Jun 2017 15:40:14 UTC	45	18	0	1	70.3125	4615098	4629921	99.67984334937897	0x52bc44d5378309ee2abf1539bf71de1b7d7be3b5
3861594	1497282026	Mon, 12 Jun 2017 15:40:26 UTC	1	25	0	0	3.8461538461538463	4623389	4632161	99.81062834387664	0x61c808d82a3ac53231750dadc13c777b59310bd9
3861595	1497282037	Mon, 12 Jun 2017 15:40:37 UTC	24	90	0	1	20.869565217391305	4513344	4627639	97.5301660306692	0x61c808d82a3ac53231750dadc13c777b59310bd9
3861596	1497282072	Mon, 12 Jun 2017 15:41:12 UTC	27	29	0	2	46.55172413793103	4621173	4632141	99.76321964292538	0xea674fdde714fd979de3edf0f56aa9716b898ec8
3861597	1497282078	Mon, 12 Jun 2017 15:41:18 UTC	51	5	0	0	91.07142857142857	4610098	4627627	99.62120974745804	0xf3b9d2c81f2b24b0fa0acaaa865b7d9ced5fc2fb
3861598	1497282114	Mon, 12 Jun 2017 15:41:54 UTC	32	25	0	1	55.172413793103445	4629713	4632141	99.94758363357246	0x1e9939daaad6924ad004c2560e90804164900341
3861599	1497282125	Mon, 12 Jun 2017 15:42:05 UTC	45	14	0	0	76.27118644067797	4584050	4636655	98.86545365139308	0x1e9939daaad6924ad004c2560e90804164900341
3861600	1497282153	Mon, 12 Jun 2017 15:42:33 UTC	34	18	0	1	64.15094339622641	4511280	4641169	97.20137318852211	0x4bb96091ee9d802ed039c4d1a5f6216f90f81b01
3861601	1497282162	Mon, 12 Jun 2017 15:42:42 UTC	47	9	0	0	83.92857142857143	4472067	4636638	96.45063945039487	0xc0ea08a2d404d3172d2add29a45be56da40e2949
3861602	1497282176	Mon, 12 Jun 2017 15:42:56 UTC	0	156	0	3	0	3532854	4641132	76.12052404456499	0xea674fdde714fd979de3edf0f56aa9716b898ec8
3861603	1497282198	Mon, 12 Jun 2017 15:43:18 UTC	41	34	0	2	53.246753246753244	4523651	4636601	97.56394824570845	0x61c808d82a3ac53231750dadc13c777b59310bd9
3861604	1497282240	Mon, 12 Jun 2017 15:44:00 UTC	30	22	0	0	57.69230769230769	4558519	4641095	98.220764711776	0x1e9939daaad6924ad004c2560e90804164900341
3861605	1497282250	Mon, 12 Jun 2017 15:44:10 UTC	44	16	0	1	72.1311475409836	4623961	4636581	99.727816682163	0x52bc44d5378309ee2abf1539bf71de1b7d7be3b5
3861606	1497282260	Mon, 12 Jun 2017 15:44:20 UTC	30	18	0	1	61.224489795918366	4636339	4641107	99.89726588936648	0x556eb2621e89a932a8ba4d035dfdbe35bb1d6bf0
3861607	1497282299	Mon, 12 Jun 2017 15:44:59 UTC	37	23	0	1	60.65573770491803	4601682	4636581	99.24731175838403	0x52bc44d5378309ee2abf1539bf71de1b7d7be3b5
3861608	1497282317	Mon, 12 Jun 2017 15:45:17 UTC	32	13	0	0	71.11111111111111	4460099	4641095	96.10014447021662	0x1e9939daaad6924ad004c2560e90804164900341
3861609	1497282323	Mon, 12 Jun 2017 15:45:23 UTC	0	0	0	0	0	0	4636581	0	0x2a65aca4d5fc5b5c859090a6c34d164135398226
3861610	1497282339	Mon, 12 Jun 2017 15:45:39 UTC	32	68	0	0	32	4499386	4632055	97.13585007086488	0x61c808d82a3ac53231750dadc13c777b59310bd9
3861611	1497282342	Mon, 12 Jun 2017 15:45:42 UTC	0	0	0	0	0	0	4636544	0	0xb2930b35844a230f00e51431acae96fe543a0347
3861612	1497282346	Mon, 12 Jun 2017 15:45:46 UTC	0	70	0	0	0	1503430	4641058	32.39412220230818	0xea674fdde714fd979de3edf0f56aa9716b898ec8
3861613	1497282373	Mon, 12 Jun 2017 15:46:13 UTC	0	0	0	0	0	0	4636544	0	0x2a65aca4d5fc5b5c859090a6c34d164135398226
3861614	1497282392	Mon, 12 Jun 2017 15:46:32 UTC	0	67	0	0	0	4640250	4641070	99.9823316605869	0x9435d50503aee35c8757ae4933f7a0ab56597805
3861615	1497282398	Mon, 12 Jun 2017 15:46:38 UTC	25	40	0	2	37.3134328358209	4595989	4636539	99.12542523636704	0xc0ea08a2d404d3172d2add29a45be56da40e2949
3861616	1497282402	Mon, 12 Jun 2017 15:46:42 UTC	46	6	0	0	88.46153846153847	4625418	4632030	99.85725481052584	0x52bc44d5378309ee2abf1539bf71de1b7d7be3b5
3861617	1497282411	Mon, 12 Jun 2017 15:46:51 UTC	38	52	0	0	42.22222222222222	4582046	4627508	99.01757058010489	0x61c808d82a3ac53231750dadc13c777b59310bd9
3861618	1497282425	Mon, 12 Jun 2017 15:47:05 UTC	34	53	0	0	39.08045977011494	4602922	4623002	99.56565019872369	0x52bc44d5378309ee2abf1539bf71de1b7d7be3b5
3861619	1497282457	Mon, 12 Jun 2017 15:47:37 UTC	26	72	0	1	26.262626262626263	4563662	4627479	98.62091216405304	0xb2930b35844a230f00e51431acae96fe543a0347
3861620	1497282470	Mon, 12 Jun 2017 15:47:50 UTC	0	141	0	1	0	3013651	4631993	65.06164840922688	0xea674fdde714fd979de3edf0f56aa9716b898ec8
3861621	1497282502	Mon, 12 Jun 2017 15:48:22 UTC	23	67	0	1	25.274725274725274	4544927	4627471	98.21621788661669	0x61c808d82a3ac53231750dadc13c777b59310bd9
3861622	1497282505	Mon, 12 Jun 2017 15:48:25 UTC	38	11	0	0	77.55102040816327	4606870	4622965	99.65184681259754	0x52bc44d5378309ee2abf1539bf71de1b7d7be3b5
3861623	1497282517	Mon, 12 Jun 2017 15:48:37 UTC	0	0	0	0	0	0	4618488	0	0x2a65aca4d5fc5b5c859090a6c34d164135398226
3861624	1497282529	Mon, 12 Jun 2017 15:48:49 UTC	40	44	0	0	47.61904761904762	4504220	4613979	97.62116385878653	0x61c808d82a3ac53231750dadc13c777b59310bd9
3861625	1497282534	Mon, 12 Jun 2017 15:48:54 UTC	0	57	0	0	0	1225077	4618451	26.52571175920238	0xea674fdde714fd979de3edf0f56aa9716b898ec8
3861626	1497282544	Mon, 12 Jun 2017 15:49:04 UTC	35	30	0	0	53.84615384615385	4588003	4622928	99.24452641269775	0x1e9939daaad6924ad004c2560e90804164900341
3861627	1497282561	Mon, 12 Jun 2017 15:49:21 UTC	46	13	0	1	76.66666666666667	4596594	4627405	99.3341624517413	0xea674fdde714fd979de3edf0f56aa9716b898ec8
3861628	1497282575	Mon, 12 Jun 2017 15:49:35 UTC	50	4	0	0	92.5925925925926	4548366	4631919	98.19614721241886	0x1e9939daaad6924ad004c2560e90804164900341
3861629	1497282593	Mon, 12 Jun 2017 15:49:53 UTC	27	36	0	2	41.53846153846154	4627145	4627405	99.99438130010232	0x52bc44d5378309ee2abf1539bf71de1b7d7be3b5
3861630	1497282596	Mon, 12 Jun 2017 15:49:56 UTC	50	6	0	0	89.28571428571429	4622674	4631919	99.80040669968538	0xea674fdde714fd979de3edf0f56aa9716b898ec8
3861631	1497282602	Mon, 12 Jun 2017 15:50:02 UTC	39	17	0	0	69.64285714285714	4624061	4636433	99.73315693335803	0x1e9939daaad6924ad004c2560e90804164900341
3861632	1497282608	Mon, 12 Jun 2017 15:50:08 UTC	40	24	0	0	62.5	4568102	4631919	98.6222341107433	0x52bc44d5378309ee2abf1539bf71de1b7d7be3b5
3861633	1497282619	Mon, 12 Jun 2017 15:50:19 UTC	36	53	0	0	40.449438202247194	4524511	4627397	97.77659016505392	0x61c808d82a3ac53231750dadc13c777b59310bd9
3861634	1497282630	Mon, 12 Jun 2017 15:50:30 UTC	34	22	0	2	58.62068965517241	4622442	4631882	99.79619515350348	0x1e9939daaad6924ad004c2560e90804164900341
3861635	1497282632	Mon, 12 Jun 2017 15:50:32 UTC	48	4	0	0	92.3076923076923	4466202	4636396	96.32917464340836	0x4bb96091ee9d802ed039c4d1a5f6216f90f81b01
3861636	1497282676	Mon, 12 Jun 2017 15:51:16 UTC	6	164	0	0	3.5294117647058822	4621406	4631882	99.77382843518035	0x2a65aca4d5fc5b5c859090a6c34d164135398226
3861637	1497282683	Mon, 12 Jun 2017 15:51:23 UTC	28	83	0	3	24.56140350877193	4501915	4627360	97.28905898827841	0x61c808d82a3ac53231750dadc13c777b59310bd9
3861638	1497282705	Mon, 12 Jun 2017 15:51:45 UTC	0	121	0	0	0	2649898	4631845	57.21042046959689	0xea674fdde714fd979de3edf0f56aa9716b898ec8
3861639	1497282736	Mon, 12 Jun 2017 15:52:16 UTC	28	31	0	1	46.666666666666664	4623020	4636359	99.71229579072717	0x1e9939daaad6924ad004c2560e90804164900341
3861640	1497282757	Mon, 12 Jun 2017 15:52:37 UTC	21	105	0	5	16.03053435114504	4500752	4631833	97.1699972775357	0x61c808d82a3ac53231750dadc13c777b59310bd9
3861641	1497282761	Mon, 12 Jun 2017 15:52:41 UTC	41	7	0	2	82	4549547	4627331	98.31903099216373	0xa42af2c70d316684e57aefcc6e393fecb1c7e84e
3861642	1497282764	Mon, 12 Jun 2017 15:52:44 UTC	49	4	0	0	92.45283018867924	4540631	4622814	98.22223000968674	0x61c808d82a3ac53231750dadc13c777b59310bd9
3861643	1497282773	Mon, 12 Jun 2017 15:52:53 UTC	44	15	0	0	74.57627118644068	4488582	4618301	97.19119650278317	0x61c808d82a3ac53231750dadc13c777b59310bd9
3861644	1497282780	Mon, 12 Jun 2017 15:53:00 UTC	37	11	0	1	75.51020408163265	4611770	4622780	99.761831625126	0xea674fdde714fd979de3edf0f56aa9716b898ec8
3861645	1497282789	Mon, 12 Jun 2017 15:53:09 UTC	45	6	0	0	88.23529411764706	4499066	4618303	97.41816420447077	0xa42af2c70d316684e57aefcc6e393fecb1c7e84e
3861646	1497282832	Mon, 12 Jun 2017 15:53:52 UTC	0	1	0	0	0	402498	4622780	8.706838742055647	0xb2930b35844a230f00e51431acae96fe543a0347
3861647	1497282835	Mon, 12 Jun 2017 15:53:55 UTC	29	42	0	2	39.726027397260275	4610005	4618303	99.82032361237451	0x52bc44d5378309ee2abf1539bf71de1b7d7be3b5
3861648	1497282838	Mon, 12 Jun 2017 15:53:58 UTC	28	8	0	0	77.77777777777777	4545263	4613826	98.51396649982033	0x52bc44d5378309ee2abf1539bf71de1b7d7be3b5
3861649	1497282887	Mon, 12 Jun 2017 15:54:47 UTC	32	58	0	2	34.78260869565217	4559144	4609349	98.91080063583816	0xa42af2c70d316684e57aefcc6e393fecb1c7e84e
3861650	1497282901	Mon, 12 Jun 2017 15:55:01 UTC	0	134	0	2	0	3029831	4613826	65.66851459071061	0xea674fdde714fd979de3edf0f56aa9716b898ec8
3861651	1497282910	Mon, 12 Jun 2017 15:55:10 UTC	23	28	0	0	45.09803921568628	4599049	4618303	99.5830936168545	0xea674fdde714fd979de3edf0f56aa9716b898ec8
3861652	1497282921	Mon, 12 Jun 2017 15:55:21 UTC	41	21	0	0	66.12903225806451	4622642	4622812	99.99632258460868	0xa4aaf1d8dca32196f26c157a690a85c71b387f0d
3861653	1497282939	Mon, 12 Jun 2017 15:55:39 UTC	36	24	0	0	60	4618324	4627294	99.80615020355309	0xea674fdde714fd979de3edf0f56aa9716b898ec8
3861654	1497282953	Mon, 12 Jun 2017 15:55:53 UTC	48	17	0	0	73.84615384615384	4618197	4631808	99.70614066904328	0x1e9939daaad6924ad004c2560e90804164900341
3861655	1497282957	Mon, 12 Jun 2017 15:55:57 UTC	41	10	0	0	80.3921568627451	4627617	4636322	99.81224341191142	0x1e9939daaad6924ad004c2560e90804164900341
3861656	1497282978	Mon, 12 Jun 2017 15:56:18 UTC	19	25	0	0	43.18181818181818	4594293	4631808	99.19005710081247	0x52bc44d5378309ee2abf1539bf71de1b7d7be3b5
3861657	1497282985	Mon, 12 Jun 2017 15:56:25 UTC	43	15	0	1	72.88135593220339	4622942	4636322	99.71140917304709	0xb2930b35844a230f00e51431acae96fe543a0347
3861658	1497282993	Mon, 12 Jun 2017 15:56:33 UTC	42	12	0	0	77.77777777777777	4485856	4640836	96.66051547609095	0xb2930b35844a230f00e51431acae96fe543a0347
3861659	1497283009	Mon, 12 Jun 2017 15:56:49 UTC	0	19	0	0	0	4636910	4645367	99.81794764547128	0x556eb2621e89a932a8ba4d035dfdbe35bb1d6bf0
3861660	1497283048	Mon, 12 Jun 2017 15:57:28 UTC	12	152	0	2	7.228915662650603	4616285	4640832	99.47106467116241	0x61c808d82a3ac53231750dadc13c777b59310bd9
3861661	1497283052	Mon, 12 Jun 2017 15:57:32 UTC	31	20	0	1	59.61538461538461	4624522	4636322	99.74548791046006	0x52bc44d5378309ee2abf1539bf71de1b7d7be3b5
3861662	1497283067	Mon, 12 Jun 2017 15:57:47 UTC	28	61	0	1	31.11111111111111	4581270	4631796	98.90914884852441	0x61c808d82a3ac53231750dadc13c777b59310bd9
3861663	1497283070	Mon, 12 Jun 2017 15:57:50 UTC	30	8	0	2	75	4625477	4627294	99.9607329899505	0x2a65aca4d5fc5b5c859090a6c34d164135398226
3861664	1497283080	Mon, 12 Jun 2017 15:58:00 UTC	19	71	0	3	20.43010752688172	4520593	4622777	97.789553768222	0x61c808d82a3ac53231750dadc13c777b59310bd9
3861665	1497283085	Mon, 12 Jun 2017 15:58:05 UTC	37	46	0	1	44.04761904761905	4597783	4618266	99.55647855710346	0xa42af2c70d316684e57aefcc6e393fecb1c7e84e
3861666	1497283092	Mon, 12 Jun 2017 15:58:12 UTC	16	119	0	2	11.678832116788321	4532663	4613757	98.24234349576712	0x61c808d82a3ac53231750dadc13c777b59310bd9
3861667	1497283102	Mon, 12 Jun 2017 15:58:22 UTC	18	93	0	1	16.071428571428573	4500404	4609253	97.638467664934	0x61c808d82a3ac53231750dadc13c777b59310bd9
3861668	1497283117	Mon, 12 Jun 2017 15:58:37 UTC	30	70	0	0	30	4473091	4604753	97.14073697329694	0x61c808d82a3ac53231750dadc13c777b59310bd9
3861669	1497283160	Mon, 12 Jun 2017 15:59:20 UTC	0	0	0	0	0	0	4609238	0	0xb2930b35844a230f00e51431acae96fe543a0347
3861670	1497283199	Mon, 12 Jun 2017 15:59:59 UTC	6	164	0	3	3.468208092485549	4591818	4604738	99.71941943276686	0x61c808d82a3ac53231750dadc13c777b59310bd9
3861671	1497283210	Mon, 12 Jun 2017 16:00:10 UTC	0	148	0	1	0	3209328	4609201	69.62872740850312	0xea674fdde714fd979de3edf0f56aa9716b898ec8
3861672	1497283245	Mon, 12 Jun 2017 16:00:45 UTC	23	19	0	0	54.76190476190476	4602907	4604724	99.96054052316708	0x2a65aca4d5fc5b5c859090a6c34d164135398226
3861673	1497283254	Mon, 12 Jun 2017 16:00:54 UTC	0	0	0	0	0	0	4600247	0	0x2a65aca4d5fc5b5c859090a6c34d164135398226
3861674	1497283287	Mon, 12 Jun 2017 16:01:27 UTC	22	87	0	6	19.130434782608695	4453915	4595756	96.91365250896696	0x61c808d82a3ac53231750dadc13c777b59310bd9
3861675	1497283315	Mon, 12 Jun 2017 16:01:55 UTC	38	34	0	2	51.351351351351354	4435306	4591269	96.60305244584885	0x61c808d82a3ac53231750dadc13c777b59310bd9
3861676	1497283318	Mon, 12 Jun 2017 16:01:58 UTC	0	40	0	2	0	917141	4595733	19.956359518710073	0xea674fdde714fd979de3edf0f56aa9716b898ec8
3861677	1497283322	Mon, 12 Jun 2017 16:02:02 UTC	44	18	0	0	70.96774193548387	4437794	4591246	96.65772646466776	0x61c808d82a3ac53231750dadc13c777b59310bd9
3861678	1497283335	Mon, 12 Jun 2017 16:02:15 UTC	45	17	0	0	72.58064516129032	4484724	4586764	97.77533790707348	0x61c808d82a3ac53231750dadc13c777b59310bd9
3861679	1497283337	Mon, 12 Jun 2017 16:02:17 UTC	50	1	0	0	98.03921568627452	4474400	4582286	97.64558563127662	0x61c808d82a3ac53231750dadc13c777b59310bd9
3861680	1497283372	Mon, 12 Jun 2017 16:02:52 UTC	22	34	0	0	39.285714285714285	4573744	4577825	99.9108528613479	0x52bc44d5378309ee2abf1539bf71de1b7d7be3b5
3861681	1497283378	Mon, 12 Jun 2017 16:02:58 UTC	45	15	0	0	75	4575168	4582265	99.84512026257757	0xb2930b35844a230f00e51431acae96fe543a0347
3861682	1497283397	Mon, 12 Jun 2017 16:03:17 UTC	20	84	0	0	19.23076923076923	4500166	4586705	98.1132643150148	0xb2930b35844a230f00e51431acae96fe543a0347
3861683	1497283433	Mon, 12 Jun 2017 16:03:53 UTC	36	40	0	0	47.36842105263158	4572198	4591182	99.58651170874951	0xea674fdde714fd979de3edf0f56aa9716b898ec8
3861684	1497283441	Mon, 12 Jun 2017 16:04:01 UTC	36	38	0	2	47.36842105263158	4460232	4586700	97.24272352671855	0x61c808d82a3ac53231750dadc13c777b59310bd9
3861685	1497283462	Mon, 12 Jun 2017 16:04:22 UTC	0	0	0	0	0	0	4582228	0	0x2a65aca4d5fc5b5c859090a6c34d164135398226
3861686	1497283470	Mon, 12 Jun 2017 16:04:30 UTC	0	124	0	1	0	2658562	4586668	57.96281745266935	0xea674fdde714fd979de3edf0f56aa9716b898ec8
3861687	1497283519	Mon, 12 Jun 2017 16:05:19 UTC	22	83	0	3	20.37037037037037	4477250	4582190	97.70982870636094	0x61c808d82a3ac53231750dadc13c777b59310bd9
3861688	1497283526	Mon, 12 Jun 2017 16:05:26 UTC	46	14	0	1	75.40983606557377	4494228	4577717	98.1761869508316	0x61c808d82a3ac53231750dadc13c777b59310bd9
3861689	1497283546	Mon, 12 Jun 2017 16:05:46 UTC	29	59	0	0	32.95454545454545	4418208	4573248	96.60984927998656	0x61c808d82a3ac53231750dadc13c777b59310bd9
3861690	1497283551	Mon, 12 Jun 2017 16:05:51 UTC	48	9	0	0	84.21052631578948	4439904	4568783	97.1791393900739	0x61c808d82a3ac53231750dadc13c777b59310bd9
3861691	1497283564	Mon, 12 Jun 2017 16:06:04 UTC	13	29	0	2	29.545454545454547	4498472	4573237	98.36516235655401	0x1e9939daaad6924ad004c2560e90804164900341
3861692	1497283587	Mon, 12 Jun 2017 16:06:27 UTC	0	53	0	0	0	4567460	4575361	99.8273141725866	0x61c808d82a3ac53231750dadc13c777b59310bd9
3861693	1497283596	Mon, 12 Jun 2017 16:06:36 UTC	33	38	0	1	45.833333333333336	4575069	4579823	99.89619686175645	0x1e9939daaad6924ad004c2560e90804164900341
3861694	1497283625	Mon, 12 Jun 2017 16:07:05 UTC	6	167	0	0	3.468208092485549	4579835	4584263	99.90340868314055	0x1e9939daaad6924ad004c2560e90804164900341
3861695	1497283650	Mon, 12 Jun 2017 16:07:30 UTC	3	192	0	2	1.5228426395939085	4562996	4579788	99.63334547363328	0x61c808d82a3ac53231750dadc13c777b59310bd9
3861696	1497283674	Mon, 12 Jun 2017 16:07:54 UTC	0	181	0	2	0	3890202	4584226	84.86060678509305	0xea674fdde714fd979de3edf0f56aa9716b898ec8
3861697	1497283687	Mon, 12 Jun 2017 16:08:07 UTC	18	68	0	0	20.930232558139537	4455626	4588666	97.10068242055534	0xa9a926bed50dc038b20bb20de361e4c35aae51fc
3861698	1497283694	Mon, 12 Jun 2017 16:08:14 UTC	41	26	0	0	61.19402985074627	4573960	4593143	99.58235569848358	0xea674fdde714fd979de3edf0f56aa9716b898ec8
3861699	1497283709	Mon, 12 Jun 2017 16:08:29 UTC	0	65	0	0	0	4596785	4597627	99.98168620464426	0xa4aaf1d8dca32196f26c157a690a85c71b387f0d
3861700	1497283715	Mon, 12 Jun 2017 16:08:35 UTC	36	40	0	0	47.36842105263158	4433142	4593139	96.51660879411662	0x61c808d82a3ac53231750dadc13c777b59310bd9
3861701	1497283722	Mon, 12 Jun 2017 16:08:42 UTC	36	34	0	0	51.42857142857143	4575020	4588666	99.70261509554193	0xa42af2c70d316684e57aefcc6e393fecb1c7e84e
3861702	1497283724	Mon, 12 Jun 2017 16:08:44 UTC	38	15	0	2	69.0909090909091	4591693	4593143	99.96843120277335	0xea674fdde714fd979de3edf0f56aa9716b898ec8
3861703	1497283730	Mon, 12 Jun 2017 16:08:50 UTC	0	20	0	0	0	421966	4597620	9.177922490331955	0xea674fdde714fd979de3edf0f56aa9716b898ec8
3861704	1497283760	Mon, 12 Jun 2017 16:09:20 UTC	18	28	0	3	36.734693877551024	4586318	4602097	99.65713456278735	0x1e9939daaad6924ad004c2560e90804164900341
3861705	1497283795	Mon, 12 Jun 2017 16:09:55 UTC	0	120	0	2	0	2663474	4606574	57.818977834720556	0xea674fdde714fd979de3edf0f56aa9716b898ec8
3861706	1497283798	Mon, 12 Jun 2017 16:09:58 UTC	14	85	0	1	14	4569801	4602097	99.29823295771472	0x52bc44d5378309ee2abf1539bf71de1b7d7be3b5
3861707	1497283812	Mon, 12 Jun 2017 16:10:12 UTC	18	79	0	3	18	4590272	4597620	99.84017817914486	0xa42af2c70d316684e57aefcc6e393fecb1c7e84e
3861708	1497283823	Mon, 12 Jun 2017 16:10:23 UTC	33	40	0	1	44.5945945945946	4514244	4602097	98.09102241869304	0x4bb96091ee9d802ed039c4d1a5f6216f90f81b01
3861709	1497283833	Mon, 12 Jun 2017 16:10:33 UTC	0	5	0	1	0	4598876	4606574	99.83289099447876	0x1e9939daaad6924ad004c2560e90804164900341
3861710	1497283840	Mon, 12 Jun 2017 16:10:40 UTC	17	92	0	0	15.596330275229358	4607215	4611051	99.9168085540585	0x4bb96091ee9d802ed039c4d1a5f6216f90f81b01
3861711	1497283848	Mon, 12 Jun 2017 16:10:48 UTC	32	62	0	1	33.68421052631579	4519059	4606550	98.1007261399529	0x61c808d82a3ac53231750dadc13c777b59310bd9
3861712	1497283850	Mon, 12 Jun 2017 16:10:50 UTC	39	12	0	0	76.47058823529412	4430910	4602053	96.28115973457933	0x61c808d82a3ac53231750dadc13c777b59310bd9
3861713	1497283855	Mon, 12 Jun 2017 16:10:55 UTC	25	26	0	1	48.07692307692308	4472596	4606537	97.09237112390501	0xea674fdde714fd979de3edf0f56aa9716b898ec8
3861714	1497283874	Mon, 12 Jun 2017 16:11:14 UTC	0	6	0	1	0	4599081	4611014	99.74120659794136	0x1e9939daaad6924ad004c2560e90804164900341
3861715	1497283876	Mon, 12 Jun 2017 16:11:16 UTC	32	38	0	1	45.070422535211264	4601482	4615491	99.69647866283348	0x1e9939daaad6924ad004c2560e90804164900341
3861716	1497283886	Mon, 12 Jun 2017 16:11:26 UTC	13	56	0	1	18.571428571428573	4516695	4619968	97.7646381966282	0x215c86bc952b0d98c4b2313a0a9ae56fa33c7f5d
3861717	1497283887	Mon, 12 Jun 2017 16:11:27 UTC	44	15	0	1	73.33333333333333	4450277	4615458	96.42113523728307	0x61c808d82a3ac53231750dadc13c777b59310bd9
3861718	1497283903	Mon, 12 Jun 2017 16:11:43 UTC	40	25	0	1	60.60606060606061	4450790	4610952	96.52648737180522	0x61c808d82a3ac53231750dadc13c777b59310bd9
3861719	1497283910	Mon, 12 Jun 2017 16:11:50 UTC	6	33	0	0	15.384615384615385	4605564	4606463	99.9804839418009	0x52bc44d5378309ee2abf1539bf71de1b7d7be3b5
3861720	1497283912	Mon, 12 Jun 2017 16:11:52 UTC	26	10	0	0	72.22222222222223	4554068	4601986	98.95875389451423	0x52bc44d5378309ee2abf1539bf71de1b7d7be3b5
3861721	1497283934	Mon, 12 Jun 2017 16:12:14 UTC	28	72	0	1	27.722772277227723	4431008	4597493	96.37878730864843	0x61c808d82a3ac53231750dadc13c777b59310bd9
3861722	1497283986	Mon, 12 Jun 2017 16:13:06 UTC	0	0	0	0	0	0	4593032	0	0x2a65aca4d5fc5b5c859090a6c34d164135398226
3861723	1497284010	Mon, 12 Jun 2017 16:13:30 UTC	5	131	0	1	3.6496350364963503	4584921	4588555	99.92080295430696	0x52bc44d5378309ee2abf1539bf71de1b7d7be3b5
3861724	1497284021	Mon, 12 Jun 2017 16:13:41 UTC	0	0	0	0	0	0	4584078	0	0x2a65aca4d5fc5b5c859090a6c34d164135398226
3861725	1497284041	Mon, 12 Jun 2017 16:14:01 UTC	15	136	0	0	9.933774834437086	4583686	4588518	99.89469366797734	0x215c86bc952b0d98c4b2313a0a9ae56fa33c7f5d
3861726	1497284044	Mon, 12 Jun 2017 16:14:04 UTC	3	178	0	0	1.6574585635359116	4587214	4592997	99.87409092581598	0xa4aaf1d8dca32196f26c157a690a85c71b387f0d
3861727	1497284054	Mon, 12 Jun 2017 16:14:14 UTC	25	73	0	5	24.271844660194176	4414237	4588513	96.20190680510223	0x61c808d82a3ac53231750dadc13c777b59310bd9
3861728	1497284070	Mon, 12 Jun 2017 16:14:30 UTC	32	28	0	2	51.61290322580645	4419029	4584034	96.40044118346417	0x61c808d82a3ac53231750dadc13c777b59310bd9
3861729	1497284128	Mon, 12 Jun 2017 16:15:28 UTC	10	111	0	2	8.130081300813009	4407191	4579559	96.23614413527591	0x61c808d82a3ac53231750dadc13c777b59310bd9
3861730	1497284155	Mon, 12 Jun 2017 16:15:55 UTC	33	35	0	0	48.529411764705884	4381815	4575088	95.77553480938509	0x61c808d82a3ac53231750dadc13c777b59310bd9
3861731	1497284166	Mon, 12 Jun 2017 16:16:06 UTC	0	174	0	0	0	3738034	4579527	81.62489270180086	0xea674fdde714fd979de3edf0f56aa9716b898ec8
3861732	1497284168	Mon, 12 Jun 2017 16:16:08 UTC	0	0	0	0	0	0	4583967	0	0xb2930b35844a230f00e51431acae96fe543a0347
3861733	1497284170	Mon, 12 Jun 2017 16:16:10 UTC	8	38	0	0	17.391304347826086	4564555	4579492	99.67382845084127	0x61c808d82a3ac53231750dadc13c777b59310bd9
3861734	1497284193	Mon, 12 Jun 2017 16:16:33 UTC	1	22	0	0	4.3478260869565215	4561248	4581707	99.55346337074806	0x61c808d82a3ac53231750dadc13c777b59310bd9
3861735	1497284199	Mon, 12 Jun 2017 16:16:39 UTC	17	77	0	1	17.894736842105264	4574211	4577270	99.93316977150135	0x52bc44d5378309ee2abf1539bf71de1b7d7be3b5
3861736	1497284203	Mon, 12 Jun 2017 16:16:43 UTC	0	30	0	0	0	631900	4581710	13.791793893546297	0xea674fdde714fd979de3edf0f56aa9716b898ec8
3861737	1497284205	Mon, 12 Jun 2017 16:16:45 UTC	0	2	0	0	0	42000	4586150	0.9158008351231425	0xea674fdde714fd979de3edf0f56aa9716b898ec8
3861738	1497284225	Mon, 12 Jun 2017 16:17:05 UTC	0	23	0	0	0	483000	4590627	10.521438574730642	0xea674fdde714fd979de3edf0f56aa9716b898ec8
3861739	1497284251	Mon, 12 Jun 2017 16:17:31 UTC	30	54	0	1	35.294117647058826	4470801	4586145	97.48494650736076	0x61c808d82a3ac53231750dadc13c777b59310bd9
3861740	1497284270	Mon, 12 Jun 2017 16:17:50 UTC	27	31	0	0	46.55172413793103	4565036	4590590	99.44333952716318	0x1e9939daaad6924ad004c2560e90804164900341
3861741	1497284307	Mon, 12 Jun 2017 16:18:27 UTC	8	157	0	1	4.819277108433735	4578732	4586113	99.83905760717191	0x2a65aca4d5fc5b5c859090a6c34d164135398226
3861742	1497284310	Mon, 12 Jun 2017 16:18:30 UTC	20	93	0	3	17.24137931034483	4545506	4581636	99.21141705713855	0x61c808d82a3ac53231750dadc13c777b59310bd9
3861743	1497284357	Mon, 12 Jun 2017 16:19:17 UTC	8	119	0	2	6.2015503875969	4575735	4586076	99.77451311317127	0x1e9939daaad6924ad004c2560e90804164900341
3861744	1497284372	Mon, 12 Jun 2017 16:19:32 UTC	5	165	0	2	2.9069767441860463	4563558	4581636	99.60542478712844	0xa42af2c70d316684e57aefcc6e393fecb1c7e84e
3861745	1497284396	Mon, 12 Jun 2017 16:19:56 UTC	20	88	0	0	18.51851851851852	4502228	4586076	98.17168315570872	0x1e9939daaad6924ad004c2560e90804164900341
3861746	1497284400	Mon, 12 Jun 2017 16:20:00 UTC	12	24	0	1	32.432432432432435	4577288	4590553	99.7110369927109	0x1e9939daaad6924ad004c2560e90804164900341
3861747	1497284404	Mon, 12 Jun 2017 16:20:04 UTC	0	126	0	0	0	4594784	4595034	99.99455934384817	0x9435d50503aee35c8757ae4933f7a0ab56597805
3861748	1497284419	Mon, 12 Jun 2017 16:20:19 UTC	26	65	0	3	27.659574468085108	4492077	4590548	97.85491841061241	0x61c808d82a3ac53231750dadc13c777b59310bd9
3861749	1497284435	Mon, 12 Jun 2017 16:20:35 UTC	0	213	0	0	0	4510024	4594993	98.15083505023838	0xea674fdde714fd979de3edf0f56aa9716b898ec8
3861750	1497284437	Mon, 12 Jun 2017 16:20:37 UTC	18	41	0	2	29.508196721311474	4581159	4590516	99.79616670544226	0x2a65aca4d5fc5b5c859090a6c34d164135398226
3861751	1497284450	Mon, 12 Jun 2017 16:20:50 UTC	43	29	0	1	58.9041095890411	4560540	4586035	99.44407314815521	0x61c808d82a3ac53231750dadc13c777b59310bd9
3861752	1497284497	Mon, 12 Jun 2017 16:21:37 UTC	13	83	0	1	13.402061855670103	4563974	4581562	99.61611345650239	0x52bc44d5378309ee2abf1539bf71de1b7d7be3b5
3861753	1497284517	Mon, 12 Jun 2017 16:21:57 UTC	0	133	0	0	0	2879602	4586002	62.79111958520733	0xea674fdde714fd979de3edf0f56aa9716b898ec8
3861754	1497284522	Mon, 12 Jun 2017 16:22:02 UTC	26	27	0	0	49.056603773584904	4549494	4590479	99.10717378295381	0x1e9939daaad6924ad004c2560e90804164900341
3861755	1497284539	Mon, 12 Jun 2017 16:22:19 UTC	40	26	0	0	60.60606060606061	4396449	4585998	95.86678842860377	0x61c808d82a3ac53231750dadc13c777b59310bd9
3861756	1497284567	Mon, 12 Jun 2017 16:22:47 UTC	11	24	0	1	30.555555555555557	4273516	4590442	93.09595895122953	0xa9a926bed50dc038b20bb20de361e4c35aae51fc
3861757	1497284571	Mon, 12 Jun 2017 16:22:51 UTC	21	77	0	1	21.21212121212121	4554700	4585965	99.31824599620799	0xa42af2c70d316684e57aefcc6e393fecb1c7e84e
3861758	1497284604	Mon, 12 Jun 2017 16:23:24 UTC	11	124	0	1	8.088235294117647	4545068	4588159	99.06082156263547	0x61c808d82a3ac53231750dadc13c777b59310bd9
3861759	1497284617	Mon, 12 Jun 2017 16:23:37 UTC	0	1	0	0	0	21000	4592625	0.4572548379194905	0x73b8865eda227d6fffabc83c78124dea8c347fea
3861760	1497284625	Mon, 12 Jun 2017 16:23:45 UTC	24	93	0	1	20.338983050847457	4443114	4588142	96.8390690610709	0x61c808d82a3ac53231750dadc13c777b59310bd9
3861761	1497284628	Mon, 12 Jun 2017 16:23:48 UTC	47	9	0	0	83.92857142857143	4469709	4583663	97.51390972678402	0x61c808d82a3ac53231750dadc13c777b59310bd9
3861762	1497284649	Mon, 12 Jun 2017 16:24:09 UTC	18	98	0	1	15.384615384615385	4513875	4579188	98.57369909250286	0xc0ea08a2d404d3172d2add29a45be56da40e2949
3861763	1497284654	Mon, 12 Jun 2017 16:24:14 UTC	9	68	0	3	11.25	4561957	4574754	99.72026911173803	0x52bc44d5378309ee2abf1539bf71de1b7d7be3b5
3861764	1497284678	Mon, 12 Jun 2017 16:24:38 UTC	9	140	0	0	6.040268456375839	4317976	4570288	94.4792975847474	0xc0ea08a2d404d3172d2add29a45be56da40e2949
3861765	1497284688	Mon, 12 Jun 2017 16:24:48 UTC	9	65	0	2	11.842105263157896	4417984	4574717	96.57393014693587	0xb2930b35844a230f00e51431acae96fe543a0347
3861766	1497284706	Mon, 12 Jun 2017 16:25:06 UTC	36	39	0	2	46.753246753246756	4421574	4570251	96.74685263457084	0x61c808d82a3ac53231750dadc13c777b59310bd9
3861767	1497284720	Mon, 12 Jun 2017 16:25:20 UTC	8	61	0	2	11.267605633802816	2847329	4565789	62.36225546121382	0xc0ea08a2d404d3172d2add29a45be56da40e2949
